oil_prices(barrel/USD),gas_prices(MMBtu/USD),Oil_production_volume(million_b/y),Gas_production_volume(billion_c_m/y),Oil_export_volume(million tons),Gas_export_volume(billion_c_m),Share_of_oil_and_gas_revenues(%),TB(billion USD),FDI(billion USD),Import_volume(billion USD),Key_rate(%),level_of_public_debt(% of GDP),tock_Market_Index(MOEX Index),inflation_rate(%),exchange_rates(RUB/USD),GNP(milliard USD),ISI(0-10),Migration_rate(net_migration th/p),Gini_coefficient(%),population_size(p),unemployment_rate(%),per_c_i(thousands/USD),Non_oil_GDP(%),CPI,Military_expenditures(% of GDP),tax_rates(VAT%),tax_receipts(billion USD),series_id,Year,PIT_min,PIT_max
26.05,1.76,10.34,643.0,129.5,210.0,18.0,10.3,15000.0,182.9,5.63,50.0,5.0,100.0,1.8,475.0,0.0,125.5,26.0,148390433.0,5.0,3.19,82.0,2.6,5.1,28.0,17.0,0,1991,12.0,60.0
16.55,1.4,2.925,641.0,111.8,200.0,20.0,10.3,15000.0,182.9,3.5,50.0,10.0,100.0,0.31,465.0,0.0,-1129.6,29.0,148915991.0,5.2,10.1,80.0,2.6,4.8,28.1,18.0,0,1992,12.0,60.0
16.3,1.8,2.595,618.0,99.2,190.0,22.0,10.3,15000.0,182.9,5.82,50.0,15.0,100.0,0.97,435.0,0.0,507.2,40.0,148135424.0,5.9,8.8,81.0,2.6,7.0,28.2,15.0,0,1993,12.0,50.0
12.35,1.6,2.331,607.0,88.9,185.0,18.0,10.3,-500.0,38.66,4.38,50.0,20.0,100.0,2.2,395.0,0.0,1271.4,41.0,148200736.0,8.1,8.8,80.0,2.6,6.5,28.3,14.0,0,1994,12.0,45.0
16.4,1.5,2.25,595.0,85.9,180.0,16.0,10.3,-2000.0,46.71,5.88,50.0,35.0,100.0,4.56,395.0,0.0,723.9,38.0,148291403.0,8.3,9.1,79.0,2.4,6.0,28.4,13.0,0,1995,12.0,40.0
19.47,1.9,2.206,601.0,84.2,182.0,18.0,10.3,2000.0,46.46,5.25,51.0,65.0,21.81,5.13,390.0,0.0,587.2,46.1,148084582.0,9.3,9.3,78.0,2.6,5.5,28.5,12.0,0,1996,12.0,35.0
20.5,2.1,2.243,571.0,85.6,175.0,19.0,10.3,4000.0,53.12,5.5,51.0,92.5,11.03,5.78,405.0,0.0,541.4,38.4,147853771.0,10.8,10.5,77.0,2.3,4.0,28.6,11.0,0,1997,12.0,35.0
12.0,1.8,2.221,591.0,84.7,178.0,15.0,10.3,0.0,43.58,5.13,135.0,45.3,84.44,9.69,275.0,0.0,528.1,38.1,147635531.0,11.9,8.5,79.0,2.4,3.5,28.7,8.0,0,1998,12.0,35.0
18.5,2.2,2.236,592.0,85.3,180.0,20.0,10.3,2000.0,30.28,5.25,92.0,151.8,36.56,24.62,200.0,1.0,375.5,37.4,147241975.0,13.0,7.0,81.0,2.2,4.2,28.8,10.0,0,1999,12.0,30.0
26.2,3.6,2.375,585.0,90.6,185.0,27.0,58.35,1000.0,44.68,24.0,55.0,144.3,20.2,28.12,260.0,1.5,550.4,37.1,146717782.0,10.6,8.5,79.0,2.4,5.4,28.9,15.0,0,2000,12.0,30.0
22.8,3.3,2.551,581.0,97.3,190.0,24.0,10.3,2000.0,41.88,5.75,44.0,237.6,18.58,29.18,310.0,1.5,259.6,36.9,146117284.0,8.9,10.0,77.0,2.3,3.4,28.1,18.0,0,2001,13.0,13.0
23.7,2.9,2.785,595.0,106.2,195.0,26.0,10.3,2000.0,46.17,3.38,37.0,318.9,15.07,31.38,345.0,1.5,1358.9,37.3,145939500.0,8.0,11.0,76.0,2.3,3.3,20.0,22.0,0,2002,13.0,13.0
27.2,4.8,3.086,620.0,117.7,200.0,30.0,10.3,6000.0,57.35,1.0,28.0,514.7,11.99,30.69,430.0,1.5,256.8,40.0,145794229.0,8.2,12.5,74.0,2.5,3.2,20.0,28.0,0,2003,13.0,13.0
26.8,5.2,3.364,633.0,128.3,205.0,32.0,10.3,10000.0,75.57,1.75,20.0,552.2,11.74,28.8,590.0,1.5,261.5,40.3,145180097.0,7.7,15.0,71.0,2.8,3.1,20.0,35.0,0,2004,13.0,13.0
50.6,7.5,3.445,641.0,131.4,210.0,36.0,10.3,34800.0,98.71,3.25,14.0,1011.0,10.91,28.24,765.0,1.5,263.5,41.3,144597884.0,7.2,17.8,68.0,2.4,3.0,18.0,45.0,0,2005,13.0,13.0
61.09,6.42,3.526,656.0,134.5,215.0,40.0,10.3,25000.0,137.81,4.75,9.0,1693.4,9.0,27.18,990.0,1.5,308.4,41.0,144102948.0,7.1,22.7,64.0,2.5,3.0,18.0,60.0,0,2006,13.0,13.0
69.29,6.8,3.599,653.0,137.2,220.0,44.0,10.3,45000.0,199.75,5.0,8.0,1888.8,11.87,25.57,1300.0,1.5,365.7,42.3,143859764.0,6.0,27.6,60.0,2.3,3.0,18.0,80.0,0,2007,13.0,13.0
94.4,8.5,3.581,665.1,136.6,225.0,48.0,10.3,55000.0,267.1,3.13,7.0,619.5,13.28,24.87,1660.0,2.5,360.84,41.6,143811840.0,6.2,35.3,54.0,2.1,3.1,18.0,110.0,0,2008,13.0,13.0
61.06,4.0,3.623,583.1,138.2,200.0,35.0,10.3,30000.0,167.35,7.25,9.0,1370.0,8.8,31.77,1220.0,2.5,350.21,39.8,143869132.0,8.2,30.3,58.0,2.2,4.3,18.0,70.0,0,2009,13.0,13.0
78.2,5.0,3.703,650.7,141.2,215.0,38.0,10.3,35000.0,228.91,8.25,10.0,1687.9,8.78,30.37,1525.0,2.5,307.56,39.5,143934466.0,7.4,37.5,62.0,2.1,3.7,18.0,120.0,0,2010,13.0,13.0
109.35,6.0,3.749,670.7,142.9,225.0,50.0,10.3,45000.0,305.76,8.13,10.0,1402.2,6.1,29.4,1900.0,2.5,309.38,39.7,144043748.0,6.5,46.7,53.0,2.4,3.6,18.0,160.0,0,2011,13.0,13.0
110.52,5.2,3.797,654.5,144.8,230.0,52.0,10.3,45000.0,317.26,8.13,11.0,1474.7,6.58,31.05,2015.0,2.5,285.98,40.7,144291029.0,5.5,50.2,50.0,28.0,3.5,18.0,180.0,0,2012,13.0,13.0
107.88,5.5,3.836,667.8,146.2,235.0,53.0,10.3,55000.0,314.97,5.5,12.0,1504.0,6.45,31.86,2095.0,2.5,289.87,40.9,144604098.0,5.5,53.1,47.0,28.0,3.4,18.0,200.0,0,2013,13.0,13.0
97.6,9.84,3.861,642.0,147.2,240.0,50.0,10.3,15000.0,287.06,11.25,15.0,1396.6,11.36,38.59,2030.0,5.0,264.7,39.9,144925638.0,5.2,51.4,49.0,27.0,3.5,18.0,210.0,0,2014,13.0,13.0
51.23,4.0,3.915,635.5,149.3,245.0,30.0,10.3,15000.0,182.9,14.0,15.0,1761.3,12.91,61.26,1365.0,5.5,384.76,37.7,145307616.0,5.6,39.0,61.0,29.0,4.2,18.0,160.0,0,2015,13.0,13.0
41.9,3.0,4.013,640.2,153.0,250.0,36.0,10.3,25000.0,182.45,10.5,14.0,2232.7,5.38,67.05,1280.0,5.5,447.65,36.8,145778677.0,5.5,38.3,62.0,29.0,4.5,18.0,170.0,0,2016,13.0,13.0
53.03,3.5,4.008,691.1,152.8,255.0,34.0,10.3,30000.0,227.87,8.88,14.0,2109.7,2.52,58.33,1580.0,5.5,396.62,37.2,146186799.0,5.2,42.0,83.1,28.0,4.3,18.0,200.0,0,2017,13.0,13.0
70.01,4.0,4.074,725.4,155.3,260.0,33.0,21.16,15000.0,238.49,7.63,13.0,2369.3,4.27,62.81,1660.0,5.5,339.97,37.5,146430146.0,4.8,45.0,78.9,28.0,4.1,18.0,230.0,0,2018,13.0,13.0
63.59,3.0,4.106,738.0,156.6,265.0,31.0,10.3,25000.0,247.39,7.0,13.0,3045.8,3.05,64.71,1690.0,5.5,336.49,37.7,146533067.0,4.6,46.7,80.8,28.0,3.9,18.0,250.0,0,2019,13.0,13.0
41.73,2.5,3.758,692.3,143.3,250.0,28.0,10.3,-5000.0,234.0,5.25,19.0,3289.0,4.91,72.32,1480.0,5.0,334.09,36.0,146371298.0,5.8,39.1,86.1,30.0,4.1,20.0,210.0,0,2020,13.0,13.0
69.0,4.0,3.841,762.3,146.5,251.0,35.0,10.3,40000.0,296.1,6.38,16.0,3787.2,8.39,73.71,1780.0,5.0,314.11,35.1,145836175.0,4.8,46.3,82.6,29.0,4.1,20.1,340.0,0,2021,13.0,15.0
76.09,18.0,3.914,672.0,149.3,176.0,45.0,33.24,-25000.0,255.3,14.25,18.0,2154.1,11.92,69.92,2200.0,8.0,765.63,39.5,145579899.0,4.0,40.5,82.0,28.0,4.1,20.2,400.0,0,2022,13.0,15.0
62.99,9.0,3.834,638.0,146.2,180.0,30.0,10.3,-10000.0,285.1,13.75,19.0,3099.1,7.42,85.54,2100.0,8.5,27.81,40.5,145440500.0,3.2,35.3,83.5,26.0,5.9,20.3,300.0,0,2023,13.0,15.0
50.6,7.0,3.344,685.0,127.6,185.0,30.0,11.8,-5000.0,283.0,14.25,20.0,2883.0,9.52,92.88,2200.0,9.0,-178.04,40.8,144820423.0,2.5,35.0,84.0,22.0,7.1,20.4,280.0,0,2024,13.0,15.0
50.6,4.0,3.594,695.4,137.1,190.0,25.0,9.5,15000.0,182.9,19.5,21.0,2899.3,11.55,86.1,2300.0,10.0,338.23,41.1,143997393.0,6.1,36.0,84.5,22.0,7.2,20.5,290.0,0,2025,13.0,15.0
26.69,1.96,10.305386472778002,642.8099318772398,129.80895775907013,210.1450232568958,18.5,9.139811170877794,16401.243814409405,180.5665715571898,5.76,48.93055773345106,5.055275995060465,100.0,2.0,453.9795536851213,-0.010123001353323644,92.8496839564192,26.17,148377147.75889668,5.13,3.2404399880847294,82.61619809640139,2.742997354544471,5.170858479020446,27.819287456580547,15.72201505871705,1,1991,12.0,60.0
15.17,1.38,2.894250224671524,640.1210521073563,111.06226225676696,201.32688869512316,19.27,9.31160784766866,9908.624578230281,183.42358431473198,3.79,50.592046950003564,8.995122131407046,100.0,0.32,532.6596192965881,0.04787849130258189,-1169.7253803626093,29.27,148903406.71676984,5.17,10.885545062975773,80.48441376716647,2.5828102746509476,4.801323262660899,28.098863340913034,18.714659940027882,1,1992,12.0,60.0
17.28,1.65,2.5700522631240803,617.6863310635168,97.61047961693029,190.1344387555205,22.02,11.955374534065458,17706.623534445825,177.41265012103807,5.62,50.70590985672893,13.930079366042277,100.0,0.94,440.7196330310372,0.0073246792933823815,569.8328495776896,39.96,148139178.79483902,5.78,9.510167288111134,81.09095572320173,2.4382532357480873,7.0652283208197,28.17961210021338,15.833373132975186,1,1993,12.0,50.0
13.28,1.47,2.3444895911582604,607.7774420212372,89.09958892544817,184.90030984397862,17.73,12.917964393841084,826.1739796211693,46.44607369336129,4.66,50.37205110538471,16.44671236984396,100.0,2.3,405.2000385212464,-0.10964166390025248,1290.026400312959,40.8,148196664.5698206,8.09,7.374512644935242,80.48135041709054,2.558516142388583,6.496529768266482,28.29045777931052,13.128965219644039,1,1994,12.0,45.0
13.84,1.6,2.2538644743636445,593.4019058946707,85.29392195520843,180.24017577949957,15.82,9.24421727946513,-5240.665428026526,37.43907459185557,6.25,48.09746567692493,31.26983781431866,100.0,4.42,456.8063618559612,0.12892643399511264,587.0912927494951,37.97,148271426.332641,8.42,7.054985614639821,79.00429564312107,2.4260677433772626,6.004874679628915,28.397418154298848,14.283626688560322,1,1995,12.0,40.0
17.44,2.04,2.224735117843765,601.4019230332975,83.8903356004612,183.09741532659817,18.55,9.968144452166914,623.9085758282647,52.61555407392932,5.33,47.88904500869011,62.20746983301945,32.86,5.61,375.89095137967735,0.10590032633401593,626.9262750160073,46.07,148090695.1115458,9.18,10.231623219815903,78.07227509121904,2.5737291780993776,5.513593777803495,28.520811636082154,13.389009309625362,1,1996,12.0,35.0
20.71,2.21,2.2314072433527827,571.2199498481075,85.14365890304052,175.18434410284132,19.3,10.607800205223768,4769.628612509581,51.61995222076824,5.58,51.0731965309797,101.41979371510247,0.0,4.72,366.88455511503923,-0.022865185420819615,496.88504930750344,38.38,147855892.47460902,10.69,11.747111347925031,76.61029682323901,2.2335421775710693,4.118237069403682,28.68743639318235,12.57993193221962,1,1997,12.0,35.0
11.7,1.68,2.225301698475917,590.4503002864252,84.59503511920364,177.6547034917089,15.73,11.857853439221556,153.11837284285045,52.79540443823531,5.22,134.3646717357527,54.654104802218285,28.49,9.36,262.66448427922023,-0.09351210140012088,626.3305369636399,37.98,147629970.6641555,11.97,7.632470433413663,79.14148406322181,2.430346177796388,3.5316634616587015,28.597482145326882,8.423530725700578,1,1998,12.0,35.0
18.48,2.25,2.2529743060933267,590.6621263188723,86.09472820083676,180.9295992090145,19.92,9.410672303728287,1147.3316847342426,36.18785791476578,4.95,92.61864262733695,126.62218151589185,0.0,19.72,209.04667901286277,1.0785470657485878,327.12745080659624,37.46,147231718.27434292,12.97,5.69811521541806,81.02152099156352,2.144564648444833,4.1736933832917815,28.69186618352344,11.3634287120857,1,1999,12.0,30.0
24.41,3.64,2.366606420263549,585.0667332705328,90.71708559112545,185.36027814658996,26.62,58.128962540324885,697.9812812858828,59.004894187754545,23.95,55.945302319598426,151.10220044038877,0.0,23.92,219.29026412330663,1.526921994986924,501.3316193977176,37.16,146724292.06653896,10.68,8.58417959785612,78.53574672199206,2.3246320699529552,5.436041755927131,28.799122741443234,12.178802358038913,1,2000,12.0,30.0
24.4,3.37,2.563393800756724,580.5101203194217,97.18173178546037,191.29047466761318,23.88,11.000514644780653,1264.632732451561,47.62975542704048,5.7,44.18616606782581,207.93201120674038,2.43,33.16,329.76159798218475,1.2925959953215138,301.3087879283897,36.74,146120005.07479283,8.9,10.93083822635053,76.98175381847676,2.3358170759448953,3.386541683539123,28.126657354200297,17.427768212468767,1,2001,13.0,13.0
25.17,3.15,2.767039792101787,595.2152689662113,105.42788132471749,195.1539693810095,26.13,10.691798893552358,2445.236308328461,33.80114390649656,3.51,38.02365105324323,337.0657081813098,4.75,34.19,326.41238954218784,1.4902637166460568,1417.7040658157707,37.37,145958057.9718313,8.08,12.977353974677746,75.97158511401753,2.2537708532851415,3.2817838025254193,20.114867043007692,20.092588436088462,1,2002,13.0,13.0
27.34,4.91,3.076149166004814,620.0202173172279,116.45146111984319,198.9710954898125,30.1,9.961018784200768,10294.381658781269,56.82321058884896,1.34,28.308672874582484,506.60356410692333,80.18,28.48,479.3559444115432,1.5375293514020023,291.33814371234826,40.22,145797501.82830024,8.08,13.145371965126815,74.64063432842109,2.5305130486222938,3.2337953151940035,19.960201783101034,28.3338324111567,1,2003,13.0,13.0
29.22,5.55,3.35364220690945,634.4819447335254,127.93743923342278,203.8503546155182,31.4,10.179402528144347,2509.499789746561,66.34861508086351,1.38,20.713824071883028,430.8768563560393,50.67,24.47,448.7386420108722,1.3711437130316222,131.57925680235135,40.32,145183116.80067202,7.7,14.442424955121457,71.31868943644722,2.838248563199297,3.101156224592094,19.769176698934977,32.99992773281142,1,2004,13.0,13.0
52.49,7.55,3.4125529733536424,640.7785513259694,131.3599030933091,211.38725206719232,36.05,9.060982771873357,34108.77949016674,94.63215990440506,3.21,13.05103521790211,1123.6209910170885,0.0,19.87,704.827718204531,1.5271897926651428,304.9700673645241,41.26,144596583.80657396,7.18,16.210227493578945,68.00407904961561,2.263268519869011,3.0103615966825124,17.842778397873275,44.252289711226204,1,2005,13.0,13.0
56.89,6.61,3.539213150373777,655.0530736001167,135.81805798911174,216.44837263191343,40.13,10.085364556153609,25515.13138963785,149.70038699765558,5.26,8.758122075620262,1570.4590151515636,21.24,25.7,823.0396530278239,1.2916370901956118,228.6786636031573,40.98,144109309.82700157,6.96,22.725994432092385,64.08866551753096,2.4398448595168234,3.0005201785974123,17.923138546491476,71.29304928122428,1,2006,13.0,13.0
71.33,7.23,3.586263584798681,653.1658634562564,137.29712453671726,219.8491524706409,45.38,10.059939125954706,45863.824732822846,204.76613360941556,4.74,8.264993147214986,1767.7883075712036,0.0,31.76,1192.5901693726862,1.691371543030131,383.83437109737747,42.37,143864632.75784567,5.82,26.774029417276694,60.015756886430495,2.4653443480903934,3.012519167761277,17.94854026025084,78.64224162863698,1,2007,13.0,13.0
87.16,7.26,3.5813390061575356,665.3035380344763,137.33266912549539,224.67801295684097,49.03,10.509224940063083,53914.60967101933,261.60079610915,2.85,8.10498392220592,539.9746057447245,3.27,25.95,1701.1125395840843,2.6787341705343866,251.10285575126903,41.42,143821589.62444144,6.28,31.71681029277728,53.92768331515562,1.9779816511629,3.115806553990039,17.96231937605128,114.55171548909235,1,2008,13.0,13.0
65.35,3.87,3.6360442235371653,584.3575024430119,137.82775642431986,201.22803156692575,34.53,9.799554811953243,24873.207641824734,159.37404379919877,7.32,8.469759212686274,1262.4358293125658,15.32,29.99,1198.13435169513,2.46383390614004,384.61116124788987,39.82,143865071.44146305,8.16,36.50772962211576,57.61423286532277,1.9671680106132416,4.227954754526325,18.00355974845905,68.37411469053035,1,2009,13.0,13.0
77.89,4.76,3.7151158459836275,651.4726339256291,140.31658002617786,214.0697647178241,37.84,10.724937184041217,35957.21744683381,229.167930410988,8.54,10.701842112269416,1774.568352981874,30.58,31.78,1486.3599207354277,2.552054738073255,245.38979598436362,39.46,143931074.63263804,7.28,44.19438150777049,61.94616649493597,1.9045062589095363,3.7247930879588846,17.971236230699965,120.908559455482,1,2010,13.0,13.0
107.73,5.62,3.767054066396415,671.0301724036444,142.1804692939947,224.24817317437848,49.2,11.212630861070656,50041.07478269817,296.18807118795223,8.13,9.64200195390452,1370.3569902166766,0.0,24.81,1869.7548744377884,2.154845619803164,210.5184004386972,39.9,144040016.28899866,6.49,52.005347352203856,52.7340974179594,2.4034931935892003,3.5634739091478598,18.096818982264946,160.09626688697716,1,2011,13.0,13.0
104.5,5.06,3.7943277678558798,655.8538285620727,144.25931679704553,230.54057866996436,51.68,10.440068515421315,40523.60026063495,311.9794497851947,8.59,10.841709082658285,1532.861342571917,44.03,30.13,2055.9827304849186,2.3343853180165226,340.9990971976189,40.68,144297188.51565748,5.63,45.57733100299818,49.554398998790326,28.04328418924578,3.4463538620544694,17.9376261918716,188.06983318751688,1,2012,13.0,13.0
118.43,6.32,3.8245145373287155,666.7001720791122,147.7868539323134,234.6684187348676,53.17,10.616992929542254,57520.983631885705,317.42489912840927,5.8,13.117091279658469,1569.3196561970778,0.0,32.18,1883.711699212919,2.4579243301073657,308.49522888597875,41.08,144615768.76471716,5.23,57.640152612018554,47.18219477028879,27.83534480240483,3.39782740100971,17.92043686678141,223.30615071094354,1,2013,13.0,13.0
96.39,8.99,3.8588369851484514,641.4081103079455,146.58762545597213,239.99569616574013,50.66,10.347902096300752,14041.236569061093,296.1500269673808,11.54,12.315998491240352,1617.9323281732766,11.58,38.26,2173.490477102507,4.846446725765112,217.37652509862778,39.78,144922064.1139978,5.02,54.687679744819214,49.13944313957289,28.639156269053476,3.50312366303046,18.044184210531345,244.59527394966995,1,2014,13.0,13.0
49.47,4.39,3.869217118037607,634.6427441427668,149.92512511682705,244.86266117713595,29.6,10.300076052667817,14821.03188410299,187.68975205509895,14.19,13.254075122281762,1688.8500902979083,100.0,66.1,1455.4539049576185,5.602317452048844,496.6124766461071,37.76,145304307.45835528,5.49,40.72592793439581,60.36323381486552,25.12439007200074,4.174205123990253,17.858311550579426,164.9539213105467,1,2015,13.0,13.0
40.72,2.5,3.9737351227012883,639.839353104231,152.3268339590149,250.28365925702155,35.64,9.649752301803375,21927.235665629974,164.42207094507415,11.3,12.003980260319995,1837.014346279424,13.23,69.36,1329.284856019981,5.786057248293849,413.6858440822584,36.83,145781123.3320277,5.67,43.08621797277767,61.95627631937778,29.574104117924698,4.530910127153543,18.035955522813662,180.02229706260522,1,2016,13.0,13.0
55.29,3.38,3.972110849037749,689.8263081083519,153.4945225840845,256.1826876773502,32.82,10.58521567992949,29023.927769507485,230.26476581944226,8.81,10.857381102196179,2379.8822958690293,52.97,62.23,1667.9322839546996,5.331482624757809,399.0947624012143,37.11,146184884.7757807,5.23,44.66855880001737,83.45485885014673,30.186013482525006,4.250077960703851,18.009462232033027,176.98270981628866,1,2017,13.0,13.0
72.06,4.07,4.046941443689766,725.9876332905405,155.58699536808263,260.07611725315354,32.91,21.072328068231542,18794.032020247316,239.05676214111602,6.94,12.086599278600053,2275.052608861997,7.49,58.49,1709.2053881342376,5.380056629933817,360.69703522834925,37.52,146437561.4990135,4.89,48.33006406336951,79.2774976346881,26.4211069291516,4.084863777600298,17.986395984986125,227.97883492444075,1,2018,13.0,13.0
65.69,3.18,4.116847177575077,737.794402487497,156.48322057858738,265.54109292397237,30.42,12.186304096896208,26700.41293497182,250.64650018176323,7.55,14.00924274387182,3453.179080123253,23.49,70.52,2033.9273881615504,5.533721438613219,288.72802395392904,37.83,146515528.01758847,4.47,49.67435234334822,81.16559885087977,27.468270883494146,3.878245678895717,18.146544812284642,273.50723662208975,1,2019,13.0,13.0
43.17,2.68,3.7334314024080424,690.9392293880356,143.26961000952784,248.27726854108556,27.71,11.71786295241927,55.554037739214436,246.716382355593,5.09,18.61635418821358,3440.3112790308573,2.91,84.1,1467.1100626842285,5.230747635629742,370.4037605610762,35.97,146364858.83510664,5.67,40.43249440528823,86.11386831037107,28.870662124157068,4.098267192242225,19.942591043923414,228.18534140676024,1,2020,13.0,13.0
80.82,4.32,3.830739217534031,761.3603996100653,146.01183124030908,250.95906259596896,34.52,10.647714003577885,43436.1424415873,279.86638432722486,6.42,16.26635865428845,3727.602713473667,2.39,66.56,1725.3391871364454,4.8249288341279515,272.9931064873195,34.92,145830080.79771054,4.85,38.041880469423326,82.29883358841167,27.70319823318758,4.1103723225740305,20.290096676069606,347.1947309150317,1,2021,13.0,15.0
73.62,17.37,3.949252297708529,672.2900588824298,149.63256353906792,175.29144518501062,44.95,32.55235441762024,-23718.57555785721,250.64918194602615,14.7,19.46682029656378,2244.255778403815,0.0,63.71,2034.2239323213769,8.035667506940602,733.9021631083648,39.5,145561825.8613023,4.01,40.83866536351275,81.61377966805371,27.543233192967744,4.062511546407562,20.179200210050706,435.4557583827181,1,2022,13.0,15.0
60.41,8.58,3.824333397454411,638.7754236618105,145.86079276866653,178.97584812481273,29.03,9.297526234233542,-4910.525792365164,289.7492672468716,13.2,20.78795967945565,3824.6659630104896,22.57,96.97,1883.2248391786543,8.760850469403875,132.8383734140757,40.4,145432994.26761818,3.26,33.336642385262586,83.6228140303773,27.855730868789855,5.926939604599641,20.18217405376169,314.7230012698146,1,2023,13.0,15.0
47.31,7.6,3.3640112008248124,686.8473491224311,126.68626498368153,184.26210062683637,29.19,12.87342435045202,-3718.8484858795955,270.55597163953803,13.82,19.906893778125077,3601.5521838314367,0.0,91.1,1926.2162067277634,8.763431383623642,-258.2452257138584,40.76,144813294.89408717,2.48,30.520556648259927,84.13517192883768,24.021125343036275,7.102343365297288,20.406451240956017,313.60857523126106,1,2024,13.0,15.0
53.09,3.92,3.5686679098217473,698.0958671756225,136.14724965821335,189.7192406617149,26.17,9.736782172621641,17416.389151544197,194.51280782159824,18.95,22.822838195271764,2923.438807010856,34.98,98.19,2095.576617956889,9.816522420911099,152.2601894562963,41.09,143995826.6057508,6.13,42.05453982948297,84.95879301213327,21.63046685245584,7.129629293127646,20.400698530851766,298.39141555175627,1,2025,13.0,15.0
25.31,1.84,10.312295717358204,641.8511441396072,129.19557232820776,210.37839542396887,18.06,11.680395826055717,16529.091159912437,190.76280582888137,5.92,47.470962367978764,5.226168671417223,100.0,1.78,480.20055457373667,0.0714277067960579,105.39063072490217,25.87,148392677.92408696,5.01,2.7112864605125933,82.0451179075149,2.4993136920032586,5.145113058889013,27.805530698175225,15.823712716503163,2,1991,12.0,60.0
16.99,1.19,2.926415632160176,640.8111984334256,110.75765686603451,200.00261207202738,20.0,11.207940220034175,17126.669461156664,183.66645142013311,2.96,48.552641131926876,8.647614507758965,100.0,0.3,517.3145423594232,-0.3017967713974072,-1064.861305911033,29.0,148914025.27037048,5.19,9.064335770944316,79.79198166920067,2.5195369481631227,4.84125543394245,28.170974797896875,17.696426843879184,2,1992,12.0,60.0
12.48,1.84,2.587569543346926,618.1014446583822,98.04916957694402,189.36994214996545,22.81,10.068710567045862,13317.120581828842,189.16120333083387,5.59,51.18041800941738,17.391535920328984,100.0,0.68,434.41641326877084,-0.006177688576414426,525.4638046997225,40.11,148135092.3572178,6.04,8.326726015205718,80.81167376893258,2.514671783838746,6.940785273301715,28.31272473170611,16.56561509658074,2,1993,12.0,50.0
12.73,1.72,2.3218606510331945,609.2622022058652,89.38701853543036,184.80183582590456,16.65,10.975988567841462,1132.954816623327,35.141751218053905,3.98,50.363730353291395,22.989523904412493,100.0,1.93,305.71361708515485,0.2860884201890582,1263.3101427775446,40.77,148201348.20145077,8.08,9.881010314806534,80.21607661248399,2.5264669627138447,6.511216200752144,28.359471203442215,14.550727618355735,2,1994,12.0,45.0
11.61,1.56,2.2668145338390295,593.7257256958746,85.69370971579585,179.84523964971953,15.22,12.042680011969656,-347.6455390344513,46.320069699148945,5.55,50.55479119652029,39.03028020815031,100.0,5.07,387.4649618167853,0.018954960798271935,829.0214581312471,38.04,148286121.5342611,8.22,8.518051914292396,78.52301277243906,2.531902986665737,6.037771962865455,28.31883839729381,11.183949324923528,2,1995,12.0,40.0
16.79,2.02,2.215221926151836,602.3618884892933,83.75559339180946,181.7729923551969,17.35,12.066733290668013,396.1932922299575,45.55125163183826,5.27,53.50413230912416,53.1849127488104,46.26,4.79,383.6508391313283,0.009726675031182911,568.9590535616417,46.23,148088726.7294846,9.24,9.895398703175747,78.3732535712214,2.68174351816934,5.438318413761858,28.56216870762837,12.786741673405661,2,1996,12.0,35.0
21.24,1.81,2.25157540868305,571.1386322278752,85.60634126340005,176.4884337178291,18.8,9.19336122838255,723.3282606390526,46.54187955919734,4.78,51.63098759210139,101.70324388883319,20.04,5.99,489.88794938413037,0.07850416479394377,404.14609244516015,38.38,147876469.9080334,10.95,9.934767986995341,76.50187745871024,2.496643554711388,3.9997059925284217,28.679398137358444,9.806928315320137,2,1997,12.0,35.0
12.46,1.86,2.2321199816166235,591.3804108430813,85.29265177805404,177.91727717634296,14.86,9.465034557408028,-3455.743614967614,48.7892757764684,5.34,135.8859603242543,47.500792256387705,100.0,8.34,234.9287073947122,0.12827057350572726,466.18868308213547,38.16,147621690.13858688,11.96,8.710755426724095,78.76381929051246,2.67211730446791,3.510185534132829,28.84382665167077,9.130010455968804,2,1998,12.0,35.0
16.78,2.13,2.252717741433105,592.109493930729,85.43446807717183,179.7950574483488,19.17,11.638166825392677,2252.456567503265,35.396177111889806,5.51,95.65048906224013,122.55837896223315,36.25,28.16,192.18644794801608,0.7139183807059934,417.9841913894507,37.33,147244498.71759257,12.95,6.9010231484993385,81.68532040326907,2.086621126487443,4.188813098468953,28.719164329294646,11.024098839841026,2,1999,12.0,30.0
24.71,3.43,2.3178043563347153,585.411455394782,90.11088646450646,183.2375407672419,26.46,57.39630703926406,1954.34104197851,49.350104711701285,23.91,54.71207507568321,143.87926650262457,38.27,27.71,304.35216969415865,1.259053462165287,580.8846457158452,37.09,146711860.91684082,10.57,9.242098110078832,79.40177890689819,2.4084502952792746,5.331109068886903,28.879105808849204,15.434828213877601,2,2000,12.0,30.0
25.3,3.59,2.54111160256662,580.8578125656015,98.2142473436131,189.24860984340148,23.53,9.108163324756047,-312.8963343958985,53.97288815957528,4.89,42.92551245688926,247.99360735131634,3.84,30.03,323.94932858174303,1.530118386099502,138.81588958122657,36.73,146121781.36023793,8.72,9.465188661781442,77.03478516856272,2.164736963586005,3.387885699082225,28.16894824015009,18.283019118185145,2,2001,13.0,13.0
22.78,3.33,2.7258437959737476,596.3452680768665,107.37734195937647,194.77894301454626,27.35,9.861855596269248,2077.5862894793845,57.57348487380813,3.04,37.576102056421874,340.17988857866436,93.56,38.68,364.43430103631664,1.3976137899315408,1303.0698693510162,37.05,145939862.6338667,8.05,9.270218924997316,75.66480364944016,2.2105753183089494,3.287825915006895,20.005297031230455,21.540129036739675,2,2002,13.0,13.0
32.08,5.66,3.0869784233279014,619.5776789094577,118.06871051595972,199.42368741588282,30.99,10.678696428913595,7665.047331970687,54.399924838063306,1.43,28.591177569091172,525.6483710682292,0.0,35.34,434.9271307920268,1.6879111741420227,211.96267779806806,40.1,145800163.04931197,7.99,10.77256371079546,73.81137219970796,2.4212396862180414,3.194492465228294,19.896907997944425,29.899867063920077,2,2003,13.0,13.0
26.8,5.88,3.3638742923653937,634.0475285137344,129.02590262768678,206.16102991399396,31.77,10.207722983209186,11804.11916300674,78.505185931446,0.79,19.29068635993057,571.4981586059748,56.13,27.92,609.4666687807786,1.4548600233789544,233.33070903486532,40.2,145189252.96282807,7.79,14.202183759085864,71.02611465068367,2.651998317620641,3.07904175002851,20.038255228663264,33.70227640688278,2,2004,13.0,13.0
52.25,7.42,3.4733686978474587,640.4038400272156,132.32592770979417,209.86140505263165,35.8,9.71373045959708,39328.98530661049,93.80349257596507,3.13,12.609698332088866,1189.7785341081455,59.06,26.56,824.487129066308,1.2229322083733234,157.44874199004911,41.25,144599382.75860912,7.22,15.576673252193068,68.01337293617381,2.27377352725219,2.983522217757469,18.053391132764677,46.06006441787952,2,2005,13.0,13.0
68.99,6.65,3.558224391396366,655.9442557852751,135.3425313814961,216.08266200688308,39.37,9.692418792457655,28726.723057314306,137.9937602714055,4.34,12.110606183299286,1942.5398987651297,0.0,26.3,909.8608544296161,1.318392228561646,259.967055471188,40.85,144111765.49951833,7.38,23.63118127559258,63.96761443334771,2.4819644526849682,2.998523129739474,18.00811603604236,65.23160619911671,2,2006,13.0,13.0
70.02,7.32,3.6045019478724676,652.0082343652357,137.65783394482037,220.05184955652547,42.95,9.658061978465936,42077.84504241769,195.03115479127686,5.28,8.440151427618675,1238.9647923954183,90.34,26.87,1414.147615258066,1.1061852890814694,309.5409074514997,42.15,143841504.37916723,5.87,26.314479864991707,59.98901157450418,2.160077381885563,3.0164570443035275,18.020260351326367,75.50554765179528,2,2007,13.0,13.0
86.83,8.6,3.567423573368735,665.5209819530348,137.04609014169657,225.03128203964854,47.94,9.507410790273896,59913.35452174484,279.84675787913255,2.9,6.013850710660486,595.9016178333667,48.32,24.61,1432.0814991970005,2.466468020186573,420.3074501888101,41.58,143824227.95461512,6.19,43.6823611215933,53.92359867525816,2.1884233307094516,3.088676884210857,17.97613008995803,103.22187986010236,2,2008,13.0,13.0
60.52,4.05,3.636164002050454,584.4370115018697,138.58742642740785,199.92538556454005,34.45,12.35614303716349,28450.405571856656,170.21158707888569,7.39,10.233459030614744,1342.9313710717745,42.98,30.51,1260.0608926854477,2.4730192065935714,412.57462349382695,39.72,143872053.34062845,8.41,25.03472477673449,57.48609199172422,2.0990471108840736,4.284763158779857,18.13639574892786,61.63944163492878,2,2009,13.0,13.0
77.98,5.41,3.6886758740952206,650.6284310812733,140.38189364998,215.00318993809884,37.95,10.568108565400557,38049.342248491055,227.1945408061163,8.45,9.853017120946777,1333.0159382912975,9.77,34.83,1552.257996901165,2.4392075073008375,296.32137088881956,39.54,143942861.26881167,7.54,38.263624420161754,61.81592030437321,2.3950047418601215,3.703435097029372,17.91689620816287,107.22632704648592,2,2010,13.0,13.0
97.41,5.96,3.7489622128279003,670.5178439447033,143.4224153672383,226.4442798346977,49.12,11.099122187234935,45198.41122161363,315.15142384727915,8.76,9.65945126735153,1418.047618110402,0.0,29.06,1782.9043132434995,2.654519453869566,279.16275824406046,39.75,144034246.44790506,6.42,41.43245938022853,53.32596363197886,2.3458338658842726,3.528551769739243,17.94580991897903,130.74567501693596,2,2011,13.0,13.0
108.26,4.82,3.8237570919490684,653.4687710661773,143.7891898866205,228.05086296443108,51.58,9.859257214111137,43797.189000002836,300.18153808304095,8.06,11.75719795469864,1695.6851704368528,0.0,38.19,2010.4289170218822,2.6716546747974186,296.76494277609913,40.73,144284558.17430946,5.53,47.72312527127895,49.51233819464209,28.100824698683873,3.5177432625515155,18.001013595816556,193.13691820227953,2,2012,13.0,13.0
101.47,5.27,3.82086584569039,667.5878614569032,145.60759633516767,233.31812860068345,53.08,10.132421100336428,49724.442686925846,299.1229852280477,5.63,10.260256434058878,1307.8962327010902,20.2,32.15,1964.5778380165666,2.4755965913042854,226.93086041835542,40.93,144605234.7061853,5.5,53.850937403438294,46.932444152618096,26.18652234174755,3.3999790556721625,18.081098086419903,236.17829084165544,2,2013,13.0,13.0
104.82,10.46,3.8828606870681446,640.5263677292954,148.17185659836045,239.54358101070906,50.2,9.656965327311323,14499.30852529747,293.3216804911082,10.74,15.474873697299392,1452.9781061169128,60.68,45.48,1812.4446306470659,4.69426442840711,176.30565165749732,40.07,144925505.2927191,5.23,39.44759113314617,48.70784721133638,29.303223873472316,3.5014763958120043,17.86184249127476,239.9319078128764,2,2014,13.0,13.0
51.37,4.0,3.933380106681788,634.6554173100299,149.92641561158348,245.01220757966254,30.23,7.910355424076046,10449.117706645795,183.37576741770548,14.41,17.57612547251913,1567.7352131325342,19.29,63.45,1316.7315877697374,5.588408439918515,312.2905928800704,37.59,145309820.80729026,5.52,39.92362185547331,61.0396842727138,30.62327598716423,4.2357343937353376,17.87910339369381,133.98264818197572,2,2015,13.0,13.0
40.95,3.1,3.9870933864783282,640.4098194629044,154.1089111528985,250.57988527006057,35.27,9.058177002112592,27822.952604020527,184.42051839858163,10.24,14.62778908600036,2052.678642967646,0.0,73.51,1138.6894546724272,5.579539926261981,398.72052128987576,36.79,145787124.23517367,5.49,45.58813558051006,61.8614946953824,29.43052801256736,4.427365267908511,17.81198574963831,182.3225294164554,2,2016,13.0,13.0
52.58,3.73,4.034424921473009,692.3203336380788,152.59745656821264,255.39752867500331,34.47,8.668321639787894,34426.586543821526,217.43387887273693,8.69,13.493365143959794,2483.7228820010228,31.54,54.1,1631.001999326733,5.5443117483267566,306.9429583952312,37.32,146173049.78590518,5.01,40.09555914685191,83.62652956457738,26.114476431708606,4.226583493359064,18.00301667677665,228.4421269984711,2,2017,13.0,13.0
71.26,3.85,4.09295438147257,727.9990448892285,154.4409553178416,259.67712343673696,32.56,19.13255847063302,12674.306079185892,238.30719652216743,7.62,12.317094776687824,2215.0421308170867,36.7,57.45,1469.0858079707075,5.640569711117493,352.4610606694596,37.63,146437731.02878684,4.82,46.169135355624796,79.08054159424232,28.294933628814466,4.110184100159323,17.89681774137275,219.49337044301072,2,2018,13.0,13.0
66.73,3.23,4.108765581485556,737.4572992050928,156.42074506119053,265.85628841962733,31.35,9.222776290439755,25881.267204961743,263.15366730439524,6.46,12.447406047725416,3214.736815883428,26.09,67.68,1810.3241168854875,5.3331707310960885,392.7342771373426,37.55,146533131.50738877,4.65,51.48638430689562,80.33248537200154,26.429996535575842,3.8997352894537967,17.964518874625796,252.53618576625126,2,2019,13.0,13.0
38.39,2.59,3.737315680286229,693.6279208008634,143.37606815487106,250.86565904830513,27.99,11.494012595910338,-7116.972504586653,240.48482534268126,5.33,18.657995201275135,2550.4676339530497,31.15,79.47,1305.1410979465347,5.28769841103783,211.76126309423296,35.97,146369710.75312042,5.77,38.458941814894445,86.33921951275806,32.19353289521004,4.10632971035241,20.061023106908532,167.83424593310193,2,2020,13.0,13.0
63.25,3.51,3.817686940692872,762.5255165844501,146.55888904747974,251.1546612677207,34.24,10.259955382071539,38165.83892575806,297.4352557782465,6.71,15.49121796877326,4633.556288221763,0.0,74.01,1679.199505026581,4.86258862478586,316.04684505967975,35.24,145824716.55589512,4.61,43.61015432709923,82.32392117670024,30.1733323611871,4.082811240600619,20.04080704408603,349.0690297112058,2,2021,13.0,15.0
82.81,20.6,3.899411462127158,671.8600676692841,150.14520127220405,176.8089079367782,44.83,34.403019572666835,-22739.725454065967,251.8455117247482,14.35,19.233972300115056,2309.8808361506594,0.0,60.93,2062.5872501926606,8.1073053728449,748.6780140885007,39.55,145583817.2213017,4.12,31.283267564926906,81.7943637803609,28.13361465388283,4.124710552737779,20.221339602387253,357.4576108226113,2,2022,13.0,15.0
60.91,8.55,3.84872235602285,638.400230689118,145.93065936254146,180.22910007028304,30.2,10.67036587801062,-10112.469526072251,281.9954899178789,13.2,16.66593329757071,3031.229768517109,0.0,73.9,2378.2808130637163,8.25833431293345,54.13245660086348,40.52,145421696.63284856,3.24,37.562697239464256,83.61184222318697,22.83271163777848,5.934689386404615,20.27238111352069,305.98905053734546,2,2023,13.0,15.0
44.86,5.84,3.3180707749697245,685.0572843152105,127.86245488830663,184.52819352414417,30.34,12.505219887340525,76.9645917993912,266.2474122775165,14.21,21.160832591655698,3082.1160705995635,0.0,79.62,2272.66378803565,8.866765423897396,-179.03728111260182,40.78,144825473.30901867,2.41,34.60391056594886,83.8247457255768,20.918242423475068,7.118001661558542,20.462013692516226,236.28631817871135,2,2024,13.0,15.0
52.4,3.58,3.605871133091665,695.5021366713353,136.3629414194783,190.58636590581884,24.92,8.68813710016816,13592.659457327476,184.9271219383751,19.76,20.488686232921616,2408.801263558194,19.89,70.88,2251.3012254147893,10.217177687841309,226.1909638598097,41.06,143985771.06113708,6.07,32.354338135002614,84.81820563154166,22.756537244759862,7.1902985177521686,20.54383844416425,305.7428885098503,2,2025,13.0,15.0
28.19,1.55,10.344458554985343,643.3626833561494,130.47534686114042,209.85473880367792,18.14,9.983215847845548,12516.97987596944,180.58406399221246,6.05,45.874088962322524,5.495844385935955,100.0,1.75,539.4462499795383,-0.07663637138297504,116.68839305333773,25.98,148387472.9022513,4.9,3.1405125311533904,81.6406479522446,2.7240652827819205,5.056496500629797,27.935962992735135,16.558656146712185,3,1991,12.0,60.0
15.51,1.32,2.9076214170897603,641.281106384415,111.43210096143976,200.8104986909028,19.06,10.524332201588468,11855.19607361062,179.3109504666811,3.22,48.27883232055221,10.335089864720274,100.0,0.33,430.3582933492577,-0.05774185465299997,-1121.344668222048,29.19,148899640.38518843,5.45,11.466604313317479,79.75049646682805,2.6643854829889175,4.751574704702325,27.931950224044495,19.74564807730514,3,1992,12.0,60.0
14.82,1.62,2.5876497730959827,617.9153083796905,99.69167019043627,189.9728275632866,21.61,11.062665292198396,14125.496675554781,186.34348691134613,5.34,52.54008088309587,17.463812337426415,100.0,0.82,407.50426670781235,0.07750196135854977,572.5580953265114,39.98,148141963.35450843,5.96,10.0902584812706,80.87619594123586,2.6189319408647047,7.064251109502427,28.361710804391436,16.311416518378596,3,1993,12.0,50.0
10.22,1.74,2.3245930210976127,606.5088906359676,88.60408586029683,185.44593482743747,18.42,10.587559242201886,-4050.5193210919847,43.46614465142588,4.71,49.26399205845106,20.13425444031776,100.0,2.09,419.34129816385587,-0.11852845433384537,1377.5917421800707,40.81,148211913.19244307,8.18,8.081222002242175,79.49078327173042,2.651119871008028,6.482803331841095,28.37618577779951,12.625326215668874,3,1994,12.0,45.0
16.05,1.61,2.2300736668827392,597.0485048379484,85.98480351019433,179.8353002804934,15.85,11.43467870148311,-1022.2170256622861,43.29369901444773,6.05,47.32800697770296,37.0837069739729,100.0,4.87,303.0795580206603,-0.05879759020994987,723.7265579594003,38.2,148303009.50511017,8.11,9.061385232828012,78.84940313773158,2.2965621173623947,5.999046358321728,28.471035672920316,11.887815611218851,3,1995,12.0,40.0
18.56,1.57,2.219162177500276,600.5818609059997,84.7493392406501,181.71249362513217,17.72,10.214419947182606,2150.8756604911864,52.678837678413025,5.04,52.66347487615873,67.85739688247034,44.74,4.81,317.4134463042833,0.012831675269994753,650.0420969498638,46.17,148087377.89403683,9.2,9.383845849730845,78.04233799826768,2.7114373459623593,5.485018538326787,28.589288716559,12.130442583376091,3,1996,12.0,35.0
17.96,2.02,2.2494682534811945,570.3839387118198,85.25514738303376,173.81778934955958,19.77,10.000659112780367,5403.827348855468,60.8274044843902,4.95,51.017985620693786,89.30003141478676,32.91,4.85,393.6302972655462,0.1426405519980329,487.3099262497755,38.39,147854129.7445729,10.95,9.464447883957572,76.85760441835554,2.1721149107486917,3.9648723078558343,28.65321091100278,12.898745612136462,3,1997,12.0,35.0
12.43,1.64,2.2185956148857633,591.4015401723954,85.44296900403802,176.3381246257985,14.42,12.736754925079731,1481.7476346280168,53.74302474074959,4.87,136.48799403295726,47.501483885674546,83.13,10.34,317.621990568551,-0.08659195758068935,587.1375296923693,38.06,147645875.94650546,11.93,8.452667705247505,78.90328390458996,2.500245239268268,3.49125360078555,28.6774566109401,6.467547868424805,3,1998,12.0,35.0
17.83,2.48,2.224320262614218,592.2330123879044,84.55916100201536,179.78021312689117,19.56,10.655275822837758,3759.806794057834,44.271877945991896,5.23,92.37297289783534,192.501579860737,43.51,27.39,191.28539823666523,0.7361296024929941,316.76799795842885,37.51,147255079.00288504,12.77,7.00372600231619,80.99290722685143,2.3304756752330715,4.291434066849048,28.784890045383467,10.278332939570504,3,1999,12.0,30.0
23.95,3.11,2.396612835365187,583.7003053623928,90.8196300015553,185.04747339434206,27.12,57.70162357368485,-89.75143524547843,37.86301392243013,24.4,55.617529419240824,139.61780655067534,0.0,27.99,262.62435658511407,1.2255006509024002,634.4647692132754,37.04,146726611.31079587,10.72,9.469178057096226,78.7662990386825,2.4253037522505703,5.45177790571689,28.860550096254222,12.935935002640278,3,2000,12.0,30.0
21.79,3.83,2.544601048416995,582.038687134541,97.987862481624,188.91928259418867,24.21,9.674349127364641,8190.315333753623,41.989351494386376,5.39,44.488854920156854,249.5597830250318,0.0,23.46,345.1474674494844,1.3196240614345063,429.989512828386,37.02,146109950.4099891,8.84,11.207425028311203,77.24628836614637,2.2797354982193725,3.3682750833692365,28.343098531506246,16.858204211654016,3,2001,13.0,13.0
25.73,2.89,2.776678303100955,594.9128524195042,106.69208267957067,194.97103124439792,26.27,9.45048351474865,2684.160501956756,46.25873322807146,3.35,37.939288999333236,367.0326848918718,20.35,33.6,417.6875232980961,1.3119252007733135,1349.4901431533422,37.36,145941068.265145,8.17,10.637869661805091,76.51176944555769,2.346035639455612,3.324086438663312,20.051292104632722,21.19825748025867,3,2002,13.0,13.0
28.51,4.24,3.0888405816799245,618.9721811825682,119.12878145851298,200.04516754042962,30.5,11.144009822546325,564.5504642729829,56.57835445759571,1.23,31.066955145361042,585.1266036442427,23.39,25.6,405.19551565462257,1.4778563035149956,87.80537899477747,40.03,145797652.3696007,8.19,12.232558570173985,73.83449908342125,2.142310203737416,3.169071613323814,19.957206717201473,26.822576638376706,3,2003,13.0,13.0
26.52,4.85,3.4100339256297985,634.099847405351,127.73082738537653,203.1883360836673,32.11,9.971633486199861,7074.680598447507,70.46158143970769,0.93,21.30762846353279,552.976376703756,54.31,29.69,589.0066332997278,1.3297259420152623,219.25619593168415,40.32,145166001.98255682,7.72,15.996438453083453,71.1729202037414,2.8423161505879646,3.0339282253964885,20.042949797634204,33.13171421119277,3,2004,13.0,13.0
53.11,6.9,3.408631768057119,641.578866798187,130.37179256091855,209.2310333171928,36.27,10.414775461961975,29720.540342512773,87.02155718190788,3.61,11.871798980576713,721.8472825572128,66.22,25.73,904.3872244327274,1.399349872722193,358.44920959050876,41.28,144601539.82706073,7.34,16.758364560909918,67.91460264145749,2.386397520259223,3.0379205824766706,17.90673057716802,45.032431771693666,3,2005,13.0,13.0
55.42,5.6,3.5468887263564044,654.8300624040914,133.75868592214016,215.34221825644065,39.86,10.242767778266929,25050.58914003977,138.53920443775914,4.34,9.601507208875647,1798.3981463719176,64.27,24.03,839.3022717560486,1.3891336990816547,351.0294859837412,41.11,144120652.2213826,6.99,24.036213144443902,64.1302563407465,2.493671485867876,3.04314950993611,18.13881569688306,56.78846660021653,3,2006,13.0,13.0
69.47,6.86,3.5476320968355664,654.6442261568698,137.69238467797965,220.3252401343488,44.03,10.959200275515546,44644.525332303114,193.7045564769091,5.11,9.537201857156344,1385.7428424375335,0.0,24.44,1433.585539171997,1.4369094851034487,384.8855073559531,42.21,143864748.43127713,5.88,27.35737809486097,60.55802947740592,2.38125123898325,3.038907784088897,17.939005412147065,68.30034092116678,3,2007,13.0,13.0
95.51,7.46,3.586895328843283,665.7095106483177,136.9712202030378,224.03058281261224,48.06,9.536938164687859,53632.952973933345,267.77659907850443,3.22,8.619645258222711,728.7751337481711,0.88,24.41,1490.959621628031,2.6894120097382443,438.58510619708477,41.43,143823316.34192243,6.18,31.878023020582667,54.18128160019425,2.0921492632357035,3.0825234201740908,18.046233441611122,118.57856573775054,3,2008,13.0,13.0
58.76,3.13,3.6657371300710366,583.0905666881148,138.27623617098894,200.13314172066936,35.12,9.33072466690644,35868.65873056125,161.10244351158948,7.62,8.425502390793412,1397.861504424172,25.71,29.72,1232.5016287865851,2.5948056049926276,387.5502058858658,39.86,143870556.713824,8.3,27.400784759974673,57.36797130847947,2.074577245768373,4.293796797202705,18.098354115476003,75.27010517004217,3,2009,13.0,13.0
80.92,4.81,3.7162591695660137,652.1712494944924,140.36279344637146,215.8591147494711,38.42,10.502130391356626,36602.14396591335,220.25785780271462,8.44,11.568799768394545,1890.381973377032,97.9,32.16,1488.0005952714582,2.502310090704816,401.41857448421064,39.57,143933895.70608065,7.24,42.92647011011663,62.161799883005386,2.0851527195633355,3.7278874370279302,18.03550127955067,130.11809172027205,3,2010,13.0,13.0
102.52,4.92,3.75362961442225,670.8473802115185,143.47172829918023,225.6529637349236,50.31,10.841567515598584,47119.03533494897,307.60346596216226,7.31,11.249366068534444,1250.4071714451038,58.2,28.09,1717.9777958667664,2.433970791425391,380.24639623324754,39.75,144046717.70407885,6.3,45.9695116924008,53.43938134116669,2.408106658089699,3.614561646684035,18.008716423520713,135.34824805977468,3,2011,13.0,13.0
115.03,4.81,3.781793179490857,654.4740179087905,143.88693670258854,229.91993266185128,52.02,10.599668718406559,42282.768113601756,318.44745473582395,7.86,14.464340961475894,1199.9620674949292,45.98,34.09,1816.9049615768574,2.437951456022305,403.26806857056164,40.74,144284674.56642014,5.6,58.43457755136952,49.92102515553759,28.160907476213417,3.485358702945114,18.000996671479463,185.38052674651473,3,2012,13.0,13.0
112.64,5.0,3.8368424117274107,667.1890990293434,147.06404033570337,234.6067659312186,52.56,9.570543186169159,52084.10947898738,319.5278065288489,5.55,10.989992565755218,1551.0609512497979,0.0,32.76,2152.9088093111613,2.546940577870711,317.52491698208763,40.87,144596591.20253474,5.43,50.372591455603825,47.35483512172248,28.226687114199095,3.3397788239177637,17.99479237274223,213.51957711613844,3,2013,13.0,13.0
74.82,8.98,3.854160714383307,642.5383203630056,149.33032740330074,239.47117047338998,50.04,10.910530184204339,15107.412655430766,304.2584364074623,11.18,14.316697109438813,1390.9683322908702,0.0,35.9,2232.0944836170247,5.083665993050587,334.47465674377514,39.98,144935501.18382743,5.15,52.89679473381587,48.75404914478427,28.403148210640044,3.5042355737606035,17.94678999990977,188.3447565627687,3,2014,13.0,13.0
56.11,4.8,3.8936738932472834,635.9409467881212,149.57320305949222,245.39310253842382,29.98,9.629653564734898,15504.901624335387,185.08172168012123,14.16,14.587757601395678,1657.409897146726,40.68,55.96,1347.2910082647693,5.370009003519757,361.0875741009533,37.7,145318305.10691765,5.38,48.33143921977114,60.470567455804456,27.425249898100486,4.2401336300659755,17.95852769896609,160.14677197091405,3,2015,13.0,13.0
31.68,3.02,4.005134729891139,640.2135818720767,153.43472896228306,250.16394318902468,36.11,9.830004119519245,19582.566202801223,186.2666367234059,10.77,13.339830840329462,2255.3827889790446,0.0,56.0,1288.9744843178516,5.505224854900629,401.2912197408785,36.75,145770957.32172212,5.42,34.25020876793964,62.05031134475525,29.25476566143903,4.4554558517220775,18.13651675082742,168.02346702972378,3,2016,13.0,13.0
50.42,3.59,4.013382727382157,690.3691150301615,152.4325545764486,255.52887954193395,35.21,9.44933577325541,29473.794498314877,219.39171774179795,9.09,12.801432676156505,2810.3151401704545,0.0,60.03,1670.2455024739854,5.209026929930111,528.1724876682678,37.17,146194338.69501254,5.2,34.02917910042093,82.47400779163303,29.805901578065537,4.323758576191686,17.989985695565615,236.8430131713653,3,2017,13.0,13.0
75.75,3.29,4.053182900685742,725.5202093897931,153.9504181463712,260.11081175397743,32.71,22.332567114312457,15041.0677704683,228.36457676073383,7.56,9.279578213920463,2606.5689655257816,0.23,60.58,1498.7112836798487,5.530322118720668,356.63440254795336,37.71,146429468.67303297,4.91,50.78965559079255,78.81454780806895,25.57154390428793,4.112331652341273,17.927497261797033,274.26340885128917,3,2018,13.0,13.0
61.98,2.8,4.084122946653651,737.9354230827194,156.15065013294236,265.68799610236584,31.23,10.870821583149537,24372.111674173622,259.84374574683756,6.36,12.41460175503223,3429.38754244862,59.12,49.36,1815.008033921784,5.609156708374343,398.527759685347,37.52,146535713.75225037,4.51,42.83880147781435,81.25861879084349,28.251505353092078,3.9279016718632045,17.952362983945605,208.391090166745,3,2019,13.0,13.0
36.84,2.55,3.7210921627093687,691.0662871232433,142.48520565055912,250.0794848062866,28.59,10.84520292432727,-7373.787239290869,226.73403561888506,5.09,19.49740469676929,3622.0850123582786,0.0,68.45,1601.2627783648425,4.959887948781959,343.62750606376017,36.05,146374882.62031576,6.0,39.01903811634463,85.41937799988747,29.121932247040434,4.132433020855209,20.101527444831824,262.37246712028775,3,2020,13.0,13.0
62.96,3.59,3.8516016432718794,760.938298597515,145.42120387376494,251.65936315105225,35.05,11.423951668558706,38425.42804715651,287.88621925028497,6.52,15.33579123005145,4459.562283743643,0.0,67.07,2243.445481177573,5.260167033771759,268.90314752185355,34.92,145843919.94682223,4.72,43.58719868560916,82.14399906619184,28.462469942513998,4.0741694512267355,20.162335916777753,308.88232548078696,3,2021,13.0,15.0
82.34,19.63,3.9287963972236497,672.5228724625473,150.58408386793826,176.73174041383902,46.28,35.77467997649713,-25516.143404792732,254.99236860939175,13.87,20.606326477641865,2104.9679931285405,29.68,80.94,2117.257078076892,7.873787070931378,766.4765281429015,39.49,145580543.28800026,3.92,41.586059262869036,81.6321931645185,26.73326949549981,4.039857395116632,20.251699659695213,439.226931773097,3,2022,13.0,15.0
53.31,7.92,3.840285702798678,635.5927671998895,146.40342923045222,179.32396732219422,29.79,8.759693762526492,-9735.01047700944,284.3903636037443,13.97,19.018012852009733,2334.9507077660196,0.0,70.97,2003.8028216496932,8.53114229955941,138.49207577905602,40.45,145451483.68232775,3.38,31.944607188634325,83.4774333822101,25.779584069589422,5.880155807234596,20.276239398437287,329.1149394259119,3,2023,13.0,15.0
55.17,6.8,3.3701882208131835,685.1900431141216,127.8830713169966,183.48064139092196,30.18,11.134595902480346,-3234.984677349283,275.8990539132161,14.56,21.73859456657302,2817.7567414252408,11.02,79.49,2369.172491746224,8.99486910015898,-135.24377437748848,40.58,144822833.00136963,2.52,34.37020969240843,83.86966188872331,24.025381175869594,7.133070980597026,20.452902197032582,252.1206736484294,3,2024,13.0,15.0
50.38,3.77,3.5963841353414123,694.957683851707,136.86961224869125,191.29697584818794,24.56,8.94472043613273,18154.35567948051,180.50046230300418,19.54,21.35204793210388,3181.7158412791428,8.5,95.66,2488.393958849792,9.985635145148724,206.31482513487103,41.14,144002254.7405558,6.03,37.619335175603524,84.99863938590224,20.609126602705064,7.179840231850175,20.440620812826516,304.3047660213339,3,2025,13.0,15.0
25.83,1.44,10.341117348151565,644.5197676683214,129.73707994105425,211.98288394671286,17.79,9.879678632440537,17185.328005060637,185.0281864787887,5.16,51.921682515912515,5.205202074452613,100.0,1.85,472.3425919778498,0.08608970893181887,1.7871395704686108,26.22,148388536.1720773,4.84,3.421500846678672,82.28728673082864,2.397740876483559,5.173404885732462,28.043406847673367,16.37664605079411,4,1991,12.0,60.0
17.28,1.31,2.956002169140705,642.1705093183851,111.21530589800848,199.70317417729544,20.27,9.30077810974269,13054.163614443003,175.74798106642976,3.16,50.11496737397124,9.223048685824578,100.0,0.33,359.9465546926411,-0.1294556008017858,-1021.4247474860821,29.14,148926289.05136082,5.31,10.892803831574797,79.4127473257839,2.8164208876372756,4.761049199700816,28.161652333062488,14.999835720617574,4,1992,12.0,60.0
16.6,1.61,2.59554367699972,618.0226196355108,99.10677470297213,189.64611093289471,22.29,10.50678319259208,14552.812901893161,186.19276226213884,5.57,47.7624954185251,17.959743078420644,100.0,0.98,444.3745966646264,-0.0372705228493462,480.9247226853993,39.8,148140376.55244502,5.86,9.119671509737827,81.52321090930438,2.588258528666833,7.022720156596669,28.186430030471076,16.3499994966446,4,1993,12.0,50.0
13.53,1.3,2.298464044625337,606.7285473245038,88.44514843695005,185.09971187205537,18.49,9.829216687700901,-2905.1316073165444,37.605470129761784,4.26,47.516571928701666,17.89624442196033,100.0,2.05,358.3311968338334,-0.2661416441689186,1279.659188927924,41.15,148191463.38066873,8.2,8.736277141829122,80.28030736318249,2.51583667325879,6.4744494401311785,28.307437404172877,12.98230505749778,4,1994,12.0,45.0
16.5,1.52,2.2647571555349097,594.8777816977852,87.61448572477141,180.82957039160723,16.78,9.875708834220218,-5644.313025407698,41.92435303232855,5.41,50.34351221896828,33.58279503275406,100.0,4.44,414.1847138880254,-0.07080046637742943,625.2989728807736,38.1,148292661.1075602,8.2,8.546385578727342,78.98613282014172,2.3671209882123594,6.002963417682136,28.32786688539446,14.689151009719602,4,1995,12.0,40.0
19.21,1.47,2.1928406482722202,601.2101680291502,84.13310234911312,181.52379882821185,18.55,10.96625971032643,2973.4247852956514,40.35067793897905,4.76,50.202797849891205,65.83809988103907,43.65,5.14,340.00780133858206,0.057143074589540266,627.7580600785639,45.94,148097419.0644552,9.32,7.534919967793608,78.2299122506007,2.407949991938747,5.476446188275236,28.420587714926025,11.661565142652066,4,1996,12.0,35.0
22.3,1.82,2.2942255298078362,572.480342670759,86.75202846387268,174.46981163571596,18.49,9.253078744260927,4541.39944755315,74.14150796791824,5.22,49.76836439750791,80.37677616933476,26.6,5.76,406.2152648105031,0.11814943804462023,491.19403977889846,38.37,147852359.40039796,10.84,10.856623855049017,76.72718448907744,2.4636559421938364,4.020886453787642,28.670966613290705,10.305002742008941,4,1997,12.0,35.0
12.56,1.7,2.220969618293192,591.3908612966663,84.55415622305546,178.88834162407912,14.5,9.484110469004014,2006.8354236986436,41.50695372802505,5.16,134.9155007059056,47.096704157402165,82.3,7.86,267.2130084556211,-0.10212418784715367,535.8207727371938,38.22,147639018.23031843,11.88,8.65814491710436,78.79349286301073,2.3528336474896765,3.5050872963756605,28.741053284589274,7.85763395540345,4,1998,12.0,35.0
19.58,2.02,2.1753562032975156,592.6717124989777,85.49330865142215,180.3181654234929,19.96,10.438852532402727,3593.765153511231,18.816398520858762,4.84,92.8289923704198,181.1625612575478,21.02,23.64,206.0620376990066,1.1506489909609605,353.6025079136624,37.46,147246226.8233814,13.05,7.390303089977371,80.83483258632891,2.3504141680512265,4.183325917319391,28.84200883202292,10.757776760936187,4,1999,12.0,30.0
24.81,3.74,2.3846964762932727,586.0817933046778,89.61487357740859,183.28184292341194,26.75,59.22360469392635,1708.1296585410491,39.186374295587335,23.96,53.043609965859076,135.80715722542772,25.53,28.28,263.242129218935,1.2829192342476132,698.7741646282022,36.96,146709707.7952944,10.57,7.36308786070104,78.33970476696683,2.406198205733678,5.360938977906903,28.925913471611164,14.658869053866514,4,2000,12.0,30.0
20.89,3.4,2.603763275255719,579.917831169432,96.96669063241815,188.97032010074687,23.37,11.415795055442906,3624.422316892102,41.47426281659109,6.12,43.39550842133108,248.86631205623257,37.95,28.36,302.0899105743349,1.3213119736485366,412.3866286626959,36.96,146121261.87906292,8.82,10.64501668931506,77.3071228308885,2.4643961770753706,3.409959828154071,28.104263018470633,17.10589553497133,4,2001,13.0,13.0
22.62,3.16,2.827759853115407,595.6983882807748,106.3569614851173,196.26146787802114,25.76,9.700665181842018,1875.4342470476229,50.47119129149536,2.93,39.033302779174456,213.68460664707658,87.65,30.61,291.9986051654736,1.6016393496800518,1362.4850944827997,37.07,145928643.48665032,8.19,13.259999604082854,76.42467304531152,2.329519867389955,3.254893074273844,20.064255546849843,21.56257047344648,4,2002,13.0,13.0
25.85,5.16,3.135679756658581,619.727468867896,118.88242527834463,200.33773481608648,29.74,11.144737618801443,7204.976491380378,61.71515433604158,0.93,26.55193767495392,512.2955768612544,45.06,32.19,366.4800575711757,1.7393416965628095,261.73120849410367,39.98,145789356.04464865,8.32,12.59806266347239,73.75004737156472,2.6066540828586344,3.215900104485481,20.086279291889475,24.438805483397523,4,2003,13.0,13.0
28.49,5.79,3.336330582925549,630.6721418638815,128.4654964777246,204.359537227341,31.63,9.593353136290071,7880.83029893804,80.89362195662513,2.1,21.17128430855138,531.456565965386,46.1,25.69,555.5506705935591,1.5706704260419107,232.71614561813684,40.42,145188475.75321203,7.61,14.907502021190188,71.12409636423688,2.900673026452367,3.1976917813151142,20.084075896104014,36.38961060802893,4,2004,13.0,13.0
54.55,7.5,3.4697496670703023,639.0310455694704,132.43161537273497,209.85680710547476,35.83,11.945728228429179,35878.94461903043,93.63622132001623,3.11,13.347225947475145,911.6998708755721,100.0,23.64,764.3665888793865,1.4942220737362395,348.747619874156,41.3,144600662.75717416,7.27,18.35002419383255,67.9053638080365,2.4747949279502364,3.0502194080507667,17.99070156586234,36.959730327697905,4,2005,13.0,13.0
60.33,6.61,3.50640993526534,655.058050995256,134.9776875576755,215.01112259435942,40.65,9.278277608605645,26950.700853813367,140.48859479993362,4.55,9.735005971813118,1913.159387032275,27.16,26.23,929.7834532272875,1.1856009048419285,283.04785120061337,40.95,144100576.43735167,7.01,27.313405046092466,64.11699383205327,2.543491809647839,3.0267188607987747,18.127973082469566,57.3352712738069,4,2006,13.0,13.0
77.22,7.15,3.6050857023315963,653.491480734454,138.4132886719639,220.61822663789545,44.11,11.497187542322635,43045.611056858215,192.85713997178604,5.4,9.477741832465512,1814.8549120978696,28.93,27.52,1381.2775509753305,1.2103406375741665,333.22459718922045,42.39,143863241.46290526,5.86,24.7747321777083,59.77633722183371,2.2732221676467077,2.9968158471494997,18.021079286887325,86.07508167064594,4,2007,13.0,13.0
104.73,8.62,3.546460652247803,665.2052858590205,136.55598181488077,223.858669924033,49.36,9.708393282296413,55151.26607506954,262.22463191786096,3.02,7.998264483053009,606.3063236094627,38.06,29.07,1613.6493274108605,2.518534321497845,436.26697821358863,41.7,143811371.9444419,6.32,36.01732047488048,53.6851553693514,2.3011206426151505,3.0278883358477846,18.058347191659998,113.33353111225988,4,2008,13.0,13.0
62.25,3.84,3.6055138149143335,583.2705736492202,139.98200058459986,199.29336198858329,35.09,12.11428078169262,28180.087130020147,160.12944047520998,7.63,10.224341108520822,1307.9894913846767,0.0,34.25,1102.2684475768997,2.448717468639511,308.71953379857854,39.94,143869229.9733353,8.0,27.87703801043814,58.37494984903051,2.100236931639451,4.250817721061417,18.026027286328926,74.13224401090473,4,2009,13.0,13.0
73.06,4.83,3.684651223314259,652.5049872146768,140.8381189445231,215.22936097196836,37.84,10.832881521593436,33463.45019732239,219.5597237123604,8.4,8.449179550185928,1299.6527788057274,0.0,25.91,1482.5903153193437,2.3416198274001436,304.64995613340426,39.59,143939581.92715484,7.51,35.44873229683127,61.9772371087191,2.100452302446032,3.7477133216108713,18.02279046534691,119.2194519273743,4,2010,13.0,13.0
123.13,5.51,3.773380733006767,669.5258550032693,142.32857398579347,224.91611037316304,50.0,9.38439463097158,41717.02185357569,314.1332296127212,8.01,11.499735972150967,1211.7274336468902,0.0,28.72,1942.913368900145,2.509385721878172,187.49734757675736,39.81,144038082.5684925,6.47,46.46841326219135,53.720661101142035,2.4017863050249115,3.5706251202866715,17.932114676526357,178.71593889576826,4,2011,13.0,13.0
109.98,5.42,3.8187261191940713,654.4746190220287,143.89786026384354,230.48052541711104,52.14,9.829373448224445,48694.01989446379,322.67801585747003,8.3,9.851700811763001,1644.778947677778,29.38,31.85,2080.464270843154,2.5164893703436504,340.2568620045949,40.78,144291343.1782762,5.48,56.96356267290007,50.01650444710623,28.56341705468093,3.473991404701036,18.064711246670704,196.64458554185626,4,2012,13.0,13.0
108.97,5.45,3.843511021370604,668.081659736045,147.93786622849902,233.96686182036416,53.24,11.003978414705076,58110.08075636588,322.6544300706206,5.61,12.349518007832199,1123.1961072511028,0.32,32.43,2488.5204281525603,2.635261339736319,439.46615359229247,40.93,144601665.75841212,5.55,62.66326008965719,46.66995427223605,27.398738295747698,3.393838651046656,18.262525596852726,208.9228200849535,4,2013,13.0,13.0
94.95,9.19,3.8243586661078863,641.3188098098917,147.81092886740072,240.30009032177526,51.14,11.248613386248719,16568.439467398126,287.3693162878624,11.6,15.347773286548955,1268.1716779272047,16.23,40.67,1894.2114039793057,5.019564482583183,320.28987041610173,39.91,144913287.81340978,5.27,53.70345062338127,49.4372704856854,27.424907512545943,3.4604973207693708,17.965418938411847,229.4784613235844,4,2014,13.0,13.0
47.58,3.74,3.9065442065709055,635.5262075314646,149.0509004748565,245.9172427232775,29.54,10.23627310817999,20755.629170251384,189.01194440157386,13.81,15.653301675578756,1676.8167677828205,51.19,55.64,1354.9701626929104,5.6759333716430165,497.4310586773515,37.67,145300446.6154491,5.5,37.5312805802084,61.22481139836811,28.7551782514557,4.154370488660457,18.006550439938195,172.00677687045723,4,2015,13.0,13.0
36.98,2.64,3.9927554283363764,638.7197479487331,153.9311932173049,250.40906693908053,36.47,10.340244780117452,24447.70799755469,168.59212638213677,10.51,14.453770613307535,2699.8581451722252,35.76,67.49,1334.5438651928864,5.501144922679386,382.4350063478822,36.67,145790891.68277848,5.58,47.847189859225516,62.25905082815673,26.706168849715045,4.49812262310616,17.95883016409436,162.52912027310285,4,2016,13.0,13.0
55.71,3.84,4.031597137421596,692.4044266626166,153.31270028957698,255.11689368432587,34.11,10.983406311029524,38847.853164126,234.660796398764,8.86,12.863663495416887,2304.2828036881224,0.0,60.78,1576.2991724462713,5.483481465701932,414.83516090473535,37.1,146189795.59094882,5.21,40.204271178416015,83.52431917226382,28.013373200759588,4.26683967220899,17.954972070319734,173.12202176617333,4,2017,13.0,13.0
65.62,4.03,4.105967994584143,724.7693791934142,156.76582169426118,259.9194303256535,32.14,21.278773015898565,14335.98132636665,239.88358370802513,7.87,11.182169379389693,2210.887504430371,0.0,68.0,1576.8973877658836,5.652433156837988,267.2740855817077,37.47,146419836.6359101,4.65,42.42988838538118,78.66734938256133,26.45920853375779,4.072437905583572,18.14250107889632,239.66832889438035,4,2018,13.0,13.0
79.15,2.74,4.1346631835507415,739.8794246772685,155.4460326309705,264.2984860423829,31.42,9.134329993859069,25744.752719917862,252.3241156317122,6.65,14.174768816432533,3522.5945382409454,43.01,59.5,1428.175537197823,5.359865522493025,318.9345206150085,37.73,146521069.25563243,4.58,38.41101598181734,80.75464808672223,25.57185993257154,3.8709436964099417,17.93790726245773,263.6522307707857,4,2019,13.0,13.0
38.1,2.7,3.7375084360047284,692.2699551832246,143.10216409707843,249.9395005716197,28.7,9.567370795360242,-6160.869518315101,236.99003379920288,5.6,19.250258493763873,2996.733215964618,32.15,69.82,1404.3964852601537,5.403091419603798,393.6097251494486,36.15,146370424.36090636,5.96,44.55871803574695,86.0388968510829,30.205309981034077,4.119429123541527,19.956258213754797,232.89991181390988,4,2020,13.0,13.0
62.06,3.78,3.766667538665921,763.2511416184096,146.1551729791107,252.05851352705676,34.53,10.51188344488914,41086.58972360285,288.33382281788687,6.54,17.54783528891928,4245.799533204171,0.0,53.78,1588.8809705362314,5.053745210064458,321.95802490534624,35.1,145848335.00501496,5.0,50.78297709267908,82.1399897615822,29.707430845928375,4.091366113654234,19.953527458601343,308.16507664846006,4,2021,13.0,15.0
79.2,15.47,3.866056565440692,671.9506848876513,147.82854561731796,175.89998198067153,45.0,34.33535838669194,-22561.35304440753,243.51338172637534,13.8,17.93975934467656,1802.8411029468677,0.9,65.57,1820.1465301527687,8.05454321201657,656.7479024581122,39.61,145578444.35008627,4.08,50.29211242127161,81.90605888580679,28.737377258946406,4.0933580377422025,20.130097753496422,363.74275762891347,4,2022,13.0,15.0
70.7,9.92,3.872573372783851,637.9715562113137,146.99051365814748,179.25230992854347,29.05,11.756277669695127,-10332.452013290022,279.4975381796843,14.17,17.107702446505687,3498.2360015797335,13.25,81.05,1932.9074432491768,8.575205412462479,-73.5484661982471,40.61,145450680.1551488,3.06,30.394982566670013,83.97627339330585,26.737321919125606,5.922203328812667,20.14237177623398,313.7970079892331,4,2023,13.0,15.0
50.86,6.62,3.3331126458667626,684.459663753042,127.3984092367761,184.58637153195642,29.31,12.502489873259911,185.15443120942655,287.4447847513258,15.02,21.30106120172415,2742.494004012858,36.94,83.41,1969.6398214313801,9.268847658091254,-284.4959385603854,40.78,144823164.1714405,2.56,40.10359782617688,84.08458512542109,19.87415207696533,7.094716854341011,20.45829446191994,278.0073243121136,4,2024,13.0,15.0
52.92,3.84,3.5736303946078603,695.5102118904911,137.65142277487394,190.1687717462722,25.58,9.758898310867409,15697.929938110081,188.3296582895835,19.85,20.50123172906957,2541.4669185086777,43.59,87.53,2434.270905417378,10.113504672914365,376.1096792524703,41.16,144001063.546606,6.2,36.25248786611806,84.02027607695419,20.502881379301783,7.189650385500143,20.75831850141244,235.31291329343728,4,2025,13.0,15.0
26.83,1.63,10.356038646063718,643.0519430789407,129.74087067366318,208.31706312266695,18.16,9.430604992574487,15714.827225320321,169.01595222594506,5.98,50.40959133416608,4.5145404396830555,100.0,1.57,475.0128299441886,-0.2919743277352198,-44.27688681677378,26.15,148382038.5645881,5.03,3.494526266175085,82.35459305801855,2.6607899274537994,5.058863026611383,27.99226598220332,18.882170785253603,5,1991,12.0,60.0
14.1,1.39,2.904866757672603,640.0923110830229,111.56431706378491,199.36149341855085,19.43,9.719804002356144,18103.729629596557,187.2301304381757,3.24,48.468032356544,7.612998914443272,100.0,0.28,477.0719276774995,0.1606644193639723,-1246.2761678656902,28.99,148919295.44784746,5.2,10.917208663269456,79.75853094781901,2.6657650583895967,4.79844086583795,28.019950347128685,18.52753797588045,5,1992,12.0,60.0
15.07,1.83,2.558266790139627,617.6173378769287,98.37869965189395,190.82620304225867,21.83,10.87198328457862,13096.994667728251,189.33377747324334,5.94,48.62065309675952,15.973097105304737,100.0,1.01,525.9876053887037,-0.011616347228500776,496.99919577216997,40.08,148135574.54035103,5.95,8.65954085258181,80.75464197369443,2.795208243442055,7.00250896424127,28.206504446300098,15.397976520116975,5,1993,12.0,50.0
13.69,1.85,2.3215476038921063,606.7575046252415,89.39640352099825,184.4715058563445,17.62,10.14776582069343,-2333.9365002325076,42.09265877205371,4.36,49.87324966018341,25.08819385052189,100.0,2.61,408.2818057309186,-0.0694341907265178,1234.9857373313014,40.92,148211643.3811554,8.13,8.545762824849662,80.12771360117264,2.378137150176544,6.531471523862103,28.24270136620128,12.95963142942377,5,1994,12.0,45.0
18.79,1.45,2.2524834105674483,594.3284455343606,85.9093294764983,179.30350758467998,16.33,10.476985265092372,-1470.5131376964005,44.98169590619842,5.52,50.67825247605862,40.83615308603626,100.0,4.74,301.0668684713434,-0.08025131166044865,621.8206249461471,37.98,148291455.45495442,8.31,7.517677929105952,79.63474578690338,2.344991007053621,6.068420049462364,28.312814182031044,12.842663059486032,5,1995,12.0,40.0
17.58,2.08,2.155202320145809,599.8754327641526,84.86230381860832,183.1003764070069,17.63,9.196692383334144,3211.946458336965,50.90496864502156,5.04,52.429519156943684,62.99292049492776,22.91,4.93,402.72565879383086,0.05133937723391275,737.0963914170685,46.01,148078595.07904956,9.22,8.317692156821368,78.57863159301291,2.710307093700506,5.514452131724247,28.35027280034931,12.433201324357729,5,1996,12.0,35.0
19.96,2.36,2.2118195635104154,569.692232389324,86.18903092367222,176.12619736572705,19.56,9.883981099391448,1594.9390820508147,54.46494781907811,5.98,51.81750275028554,92.5981829043361,0.0,6.22,406.53413977682874,-0.12800576921943355,565.4896313044356,38.53,147851848.01822865,11.0,10.83427718790347,77.1281978821093,2.4777780951745445,3.9799226408372035,28.56691252416903,11.787815313683943,5,1997,12.0,35.0
12.04,1.79,2.221280437511183,588.8352958597243,83.64002310876171,178.43441999327916,14.86,10.829220000396878,-218.18602274297015,37.457700149034444,5.2,135.09919138173652,50.12557121187735,47.53,9.46,276.19487566966507,-0.322991255802679,564.6974061019846,38.13,147625060.8089103,11.78,8.382800139399098,79.16479001189263,2.4288085815170493,3.529275508467392,28.752312446498188,7.924886538785308,5,1998,12.0,35.0
21.14,2.15,2.2249249315604365,591.0226821649046,84.23073360873614,179.61757115490383,19.64,10.836154333375484,1725.6752877999613,44.83909519288461,4.9,90.99511932831399,172.2406840093127,10.09,23.69,204.9189461879234,1.0583100352958408,322.1615806866479,37.44,147245138.38307372,13.05,7.052448954996359,81.28208296675025,2.1678025419136366,4.174028577308816,28.735906153795018,11.07912377932421,5,1999,12.0,30.0
25.17,3.48,2.3857125164167385,585.5805490885982,90.03671608654514,184.7987757529389,26.31,57.69703455293908,-5465.042604452341,41.912976940754284,24.11,53.55783796901863,138.35133549281423,28.02,25.42,259.2543645204552,1.5743470851176038,606.0707067731951,37.24,146722376.3145171,10.56,9.383365568188951,78.55202253606221,2.490854204240933,5.361565139652798,29.132577182552705,15.011983963361914,5,2000,12.0,30.0
21.93,3.22,2.5180420898587506,579.521090211701,96.51251456331728,189.32428383168744,24.14,10.44568557169565,1359.1399632760254,47.98364049773142,5.7,43.312015383086,238.57447503073905,17.63,33.29,308.36902511528297,1.4714082863710891,230.2773933882378,37.02,146136516.44631633,9.11,8.812676890937725,77.22956856491577,2.3999008076516435,3.3345404071951275,28.181719190557303,19.427124813331826,5,2001,13.0,13.0
26.64,3.15,2.804376233187541,593.7342307619318,106.76306849579824,194.16410581054572,26.49,12.281539514418803,1540.8858299040053,27.14027611043945,4.57,37.55204937319594,330.40392742526524,22.65,23.41,366.1500252370921,1.3355947989042583,1337.0607651315129,37.38,145934656.550096,7.89,10.740201667544085,75.73838294239873,2.2586389069532595,3.2417852429612184,20.12034608692251,20.92232514110387,5,2002,13.0,13.0
26.38,4.91,3.0538807580039204,621.6569157705208,117.96191452587084,199.12239116915453,30.15,10.284141243725996,5532.203310432568,67.39330811497184,1.1,28.453322212208846,548.9096170457019,29.62,33.14,406.69052572063646,1.5127375458329098,303.8941831106364,39.85,145792143.16125512,8.11,12.735888704264022,74.11350266473542,2.541288414022193,3.16665683330151,20.07337435688949,22.924752573607805,5,2003,13.0,13.0
28.35,5.32,3.408572735035558,632.4111222378486,129.1194828501877,204.48065737049387,33.23,9.675319523592682,14132.1844785758,87.12627365626125,1.62,17.17211772418485,543.3818226465654,0.0,27.46,534.0865061972887,1.2902464191633256,135.9417945276794,40.23,145175612.44521055,7.59,13.943760093638227,70.91893262184686,2.9652738167376755,3.05619225527414,20.170957523518073,35.939256458064825,5,2004,13.0,13.0
44.62,6.66,3.3984458863466513,641.2970275392435,131.69559577744107,209.13053816264727,36.79,10.143410247736947,31251.83119601138,98.94473306002604,3.74,12.941949596763884,996.4312580682599,62.5,27.08,996.319281125613,1.352877750835689,386.5940772859704,41.19,144599536.14317104,7.24,20.348029262790803,68.17862605512292,2.626855079192934,3.01165079389069,17.927386014675605,48.26395828415982,5,2005,13.0,13.0
60.25,5.8,3.4963554421744725,656.5942633641055,134.6555560807024,213.6860400652096,39.83,10.383067403049276,22593.4329848943,142.2064259140536,4.12,10.622078353860093,1973.7929680647298,0.0,31.78,919.1301130656578,1.3924833730443475,322.45800904152236,41.08,144105920.96877393,6.94,24.762492039661844,64.04209099272535,2.5928256199044113,2.9553883974454984,17.763729506599987,63.452083990845416,5,2006,13.0,13.0
60.09,8.26,3.61032463003492,653.6129604492681,138.0944435011883,220.18436105006248,43.83,10.163771329519397,37376.604200816655,204.14441285456795,5.03,8.106676802625062,2162.945124332895,0.0,23.74,1313.0185786198101,1.6208708294589063,464.43130544469426,42.32,143859348.26596558,5.94,28.400767982764965,58.90480017019946,2.3050759731165433,2.883071720744168,17.958837513680926,83.37749329149952,5,2007,13.0,13.0
86.43,8.35,3.6261560715989636,663.6915749239522,136.95019933091595,225.19712744462973,48.26,10.271744030286195,53596.499506266715,262.0425611439888,3.82,5.0917517020908445,654.9907020292387,30.26,23.18,1411.720398354689,2.448066053744981,277.94989772686347,41.45,143820301.33906254,5.95,41.6336381810299,54.063755366835316,2.0943221065160196,3.0611718306682136,18.051504921593413,106.16554337449514,5,2008,13.0,13.0
65.16,3.69,3.631548144247698,582.8862266274,138.25077181976266,201.4291527957896,34.54,8.99920655921609,28845.35936760993,171.6547733906235,7.21,12.172521865172124,1652.6215311117694,0.0,31.36,1234.2091466362735,2.435855577084473,279.05522431847737,39.78,143864326.37703288,8.23,25.75834730278127,58.228857428038324,2.2613136212912988,4.282449238768506,18.013979953537547,64.35277623988085,5,2009,13.0,13.0
77.89,5.72,3.718272169643845,649.2028374436047,142.30373320451704,214.43840444819966,38.64,9.432504633667287,33511.68971857037,222.5476731583635,7.65,9.961024937163414,1609.6261837525637,0.0,31.63,1382.6831035198763,2.7799554065263,218.00424504307722,39.34,143942147.26108772,7.34,37.47102644585369,62.15892477722746,2.087854351539658,3.67748038118817,18.025416917047433,126.62073922852537,5,2010,13.0,13.0
106.56,6.17,3.749475833292515,672.9633010630773,142.9858716638405,225.24880925874007,50.2,10.165423306717821,48232.630104567215,300.97028373324696,7.99,10.517572343340083,1675.288004360174,40.63,28.1,1815.930140858498,2.5504804622250172,328.6721875930073,39.69,144047942.3332598,6.32,48.410793644922066,52.96343930878444,2.4227568598826865,3.6565185324930822,18.12187585490636,166.8231586591724,5,2011,13.0,13.0
103.9,5.5,3.7691504650616836,653.024442411531,144.57310267638897,230.262768085491,52.14,10.151065178271157,47511.61417865704,326.1268197355806,8.63,11.53802938615693,1570.705702949825,0.0,26.16,2225.5805301528812,2.548551547234117,291.06579334781674,40.53,144290935.29954642,5.63,45.60893366509451,50.58525137958582,26.518973229656776,3.4771793603978596,18.035251147630763,169.90381636481112,5,2012,13.0,13.0
105.98,5.42,3.822700949325115,666.8305520304056,145.57537137009044,234.78670378365544,53.38,9.7897662341674,55227.215978641194,322.6386335946835,5.63,11.504968941173967,2094.3547945372893,45.79,29.1,2193.8860045752062,2.4470506375800887,254.07454156992904,40.96,144601644.9740165,5.35,54.69679421705214,47.11097053005188,29.81588007508762,3.432765839250059,18.07371296746114,222.18848378384112,5,2013,13.0,13.0
99.95,9.53,3.828116939865426,641.0372497946563,147.7241318197775,240.62545329176066,50.95,10.14048036118373,13918.408031551045,281.50221806520096,10.96,14.020195831444099,1196.749568926671,64.55,43.53,2145.3871334886885,4.914586324274692,186.53861362694724,39.94,144944539.19565392,5.29,45.712165981930305,49.15598275371092,25.460750618349284,3.4992939445528757,17.913309754510134,191.45982419450038,5,2014,13.0,13.0
55.26,3.93,3.8803044314507718,634.115309439166,150.22226752717188,245.651414438517,30.09,10.354984862539863,17994.817620503218,177.12820109489343,13.76,17.857203396203523,1615.6027448723514,0.0,61.72,1123.2305395595106,5.186858010187887,287.1345903024397,37.9,145301252.35985887,5.52,41.693173541269594,61.37224734017557,28.37343794734313,4.198426480961386,17.89893176517522,150.66362593934338,5,2015,13.0,13.0
33.1,2.59,4.023900757420441,641.4514020705501,152.96228519688728,250.27511904654773,35.94,11.101514259373616,24942.33893731458,177.37042812419233,10.31,15.350990720981734,2344.905989322803,15.65,70.07,1515.1225817381137,5.63874517208969,443.9130075894749,36.89,145780997.58684152,5.69,42.35150716193371,62.12922482258805,29.14151022823513,4.468928133486583,18.14892877931672,197.8192286098083,5,2016,13.0,13.0
49.5,3.47,3.977524521077858,693.3412168924826,153.77510010083847,254.78518946686867,34.83,10.210593189368183,27611.97212655267,233.63442831755148,9.0,15.106881015708794,2210.2653617883734,41.91,56.81,1391.6827528711835,5.564207912464589,360.733979179203,37.16,146180955.58061185,5.29,43.14380028473898,82.77995470137876,30.787381631844095,4.297813586545427,18.00930984005917,217.37163875467823,5,2017,13.0,13.0
70.9,4.12,4.082670541580845,724.959843180813,153.83127998366038,259.69957236019053,33.53,21.51966052420463,9991.323787172612,230.6220921617254,8.09,13.776073360605455,2923.7557154247047,0.0,58.67,1913.7410951727816,5.474339448240433,287.125486621865,37.59,146444054.11206517,4.68,36.66240983220774,78.03099888864615,27.408243821206742,4.071542344196711,17.94249677163352,221.76578596450648,5,2018,13.0,13.0
63.09,3.56,4.070677306287712,736.7783618955813,156.55865743142454,263.8506951839187,30.82,9.811925121780114,23712.073933719807,250.19662488323883,7.36,11.648859096992009,2801.511726752754,33.6,75.57,1862.6409133508712,5.480346086765084,455.73497847643443,37.55,146539974.44659683,4.49,42.18507425615462,80.629958482464,27.067577860455444,3.9063240333379645,17.942666052204853,257.18451774108877,5,2019,13.0,13.0
43.08,2.52,3.7660418372034483,690.2304259906982,143.27010774080125,249.32279835930606,28.0,10.81555649043433,-2797.658588710851,239.87621130655398,5.41,20.72041600541348,3646.1532409581027,0.0,70.96,1565.4452457841326,5.105432217383785,327.7445857158547,35.9,146366014.36620396,5.87,41.30801611256346,86.37119401274552,29.173774623999307,4.091212724136872,19.94010762638693,213.2506371350006,5,2020,13.0,13.0
70.48,3.07,3.8277404493610505,762.0741538287327,145.95799845727453,250.47733562047398,35.11,10.638597520653425,46643.818772584804,295.4056823629951,5.92,14.864575624976602,4315.497586959798,0.0,70.44,1627.8127089983082,4.777330967859141,412.00106814948674,35.14,145840167.57715738,4.77,46.39814971946225,82.47415970296686,31.405400893036404,4.064864680868339,20.034586772294183,246.64912859076912,5,2021,13.0,15.0
74.23,17.83,3.9521660633763833,671.7073028772797,151.07725771927343,175.05554196494288,45.2,34.02024980279531,-24820.197224637883,263.2472090278012,13.79,18.38149481304767,2336.2458274463793,0.0,77.58,2233.3497658602946,7.915515884633816,724.5285345602042,39.27,145581906.17928094,3.98,29.589289398345425,82.28553263054201,24.06271420909157,4.136893387275262,20.081608334332053,363.74104202106474,5,2022,13.0,15.0
60.34,11.47,3.842783548588247,637.3974294019888,146.15065091230957,180.36966206718066,29.25,10.942950396076881,-12233.602864916891,282.70567919258224,13.93,16.79227712134733,2741.713148409081,19.48,79.36,2001.1065037645794,8.33725617844751,46.67661563843723,40.5,145436476.03517392,3.35,39.687191255054884,83.55300535907539,24.696440584206837,5.915876278857427,20.1615613335731,298.47460148672155,5,2023,13.0,15.0
49.61,7.61,3.377530817117493,685.2048134692875,127.29602143343357,186.00550996352013,29.15,12.330551897184428,-8458.185943344808,281.31737823254133,13.79,17.25162954727447,3370.0282362657426,50.28,87.36,2206.388705731164,9.253719496766657,-182.31592354789115,40.69,144826328.3037467,2.41,35.478297771888414,84.4590549446641,25.004417580075508,7.0833343620255835,20.38200761203331,270.0148786563394,5,2024,13.0,15.0
55.25,3.68,3.5734968420444,695.7656089869827,137.11935572827994,189.23696760967283,24.51,9.411309014012387,16610.817474150303,175.21099969779988,19.42,21.428634315624887,3327.0018128035335,5.07,86.19,2242.529380410321,10.125413331490359,207.3824067778568,41.11,144000425.28051713,6.11,33.05133120959984,84.39478747070513,22.6499702808408,7.205411595888078,20.445292754846783,297.1659743800822,5,2025,13.0,15.0
28.4,1.79,10.316103252683872,641.7827654070142,129.56449703580765,208.25032128100545,17.63,10.139498191473702,10357.870097042036,182.94351915130204,5.64,49.746832205997016,5.067614720249324,100.0,1.67,470.3896915209783,0.05433054081448204,179.04449024678718,26.09,148402929.67043832,4.93,3.3680393268119397,82.12559903739805,2.5065188877445,5.11893656500682,28.155914162274556,13.005048934084153,6,1991,12.0,60.0
16.12,1.8,2.9345024063567533,639.1983789082892,111.12943360232416,200.05931545072812,20.14,9.026186017389213,10180.209560688265,176.4143910928695,3.64,49.683577532214,11.902313457022345,100.0,0.29,531.3242044258516,-0.13532919112992406,-1247.264620731361,28.8,148904910.4336129,5.12,9.937265247369066,79.7859172261525,2.6793169654936246,4.849882629290528,28.22383857665173,18.803048089031616,6,1992,12.0,60.0
14.92,1.85,2.617959443603981,616.99385736208,98.95203672808833,190.02165433982753,21.08,11.191317071558835,16239.393187382902,185.85895692072341,5.84,50.01424134863535,13.630896684581135,100.0,1.09,509.3647557797427,-0.10964920252491031,456.7226246753285,39.99,148122814.7379634,5.91,7.8644291350632285,81.21025663937172,2.5943514175138396,6.9548866828737035,28.258389905533047,16.72625962372809,6,1993,12.0,50.0
12.67,1.86,2.3188588532787686,606.2491183220667,90.50549102308928,185.15371251920905,18.38,7.831860571321262,-2879.320547258474,24.43273704010882,4.67,51.071084028173054,20.00515779302645,100.0,2.39,453.3939994673891,0.13280287855459483,1206.6179457037895,40.95,148194282.43250707,8.22,8.676733611722035,80.25776432713378,2.6216383497132694,6.495375456107564,28.33491985198605,14.509441805350201,6,1994,12.0,45.0
15.97,1.68,2.2384389099308497,593.5063032077406,85.97134448939009,181.76984479452338,15.48,9.897748343002567,-1118.5273039433891,29.973937854507053,5.64,52.21728852920975,29.523131719642734,93.41,4.83,426.01509611582003,0.25361758545322205,725.5724293999873,37.99,148293640.84813276,8.57,8.212534956305102,78.72609732283941,2.442857030931465,6.0072876689016645,28.391884318754936,13.760275928177496,6,1995,12.0,40.0
19.23,1.97,2.2066854629354657,600.3207761741522,83.31465444487391,183.04245623909944,18.2,9.741094688505273,4279.05982998577,57.25798218678608,4.91,51.78845877100819,77.69240290497586,29.87,5.6,341.02925195447267,0.06879075310751218,712.6700605231758,46.05,148089417.0287244,9.12,9.752124438371037,77.8242906730502,2.449903870124578,5.532157888553699,28.383640420172483,11.505988665193126,6,1996,12.0,35.0
20.02,1.89,2.2577245777827657,569.136012697661,85.73444675303895,175.65967590738035,18.71,10.433534615066447,290.8689586471655,60.23112434790091,5.28,52.08180194615742,91.57500784033758,32.73,4.64,424.73005362193965,-0.1285305902221832,697.2950740651683,38.41,147857178.26431382,10.84,11.347118822075506,76.20690095151495,2.1971574524835638,3.98721979979466,28.58005452720388,8.952471269256876,6,1997,12.0,35.0
14.15,1.99,2.2206110717452274,590.0581702405057,83.69218548975813,177.19157980101136,14.85,10.806153740532082,-4119.410644428044,35.3241035519836,5.16,134.7308618384061,45.55346351742828,84.38,11.0,240.86143460354256,0.04854352850649164,465.33717819151946,38.3,147644688.3557006,11.77,9.755287336518476,78.61129877904513,2.134806664846055,3.441834105988447,28.70935583479103,8.553491217869652,6,1998,12.0,35.0
15.18,1.87,2.2624276947509716,593.1106131434885,84.40609282939144,179.56893755784955,19.58,11.315408586587644,6886.638077361811,30.256398722433797,5.17,91.04682740160204,176.46993727965042,40.44,25.59,170.25057613238482,1.3476679414515413,416.0854403152316,37.37,147228242.41314244,13.12,7.260237348387004,80.735390652045,2.262121648433945,4.223105366386365,28.821171165280163,11.749753919446295,6,1999,12.0,30.0
25.39,4.18,2.362466192937888,585.3733943670425,89.82380369467944,184.9203033794178,26.91,57.70800087096696,2026.019271478809,52.7015096710109,24.24,55.880705903102516,155.75415988168118,0.0,30.96,266.2181257990082,1.5146692225945044,593.4704483798164,37.13,146727037.89476904,10.49,9.285889053105908,79.02643214574458,2.254534797150388,5.441836646795707,28.94332251707082,16.694371281341187,6,2000,12.0,30.0
22.79,3.37,2.5149563090356284,581.173442621193,96.96875065656955,189.34843604333156,25.04,10.828611417131764,776.4939125213414,45.1782819489575,6.2,44.23060547400583,212.63407357905297,22.33,30.31,326.21918286536226,1.7093680969470477,289.47702210863275,37.11,146114853.10492355,8.82,9.702855262769859,76.66307427578495,2.315245516638,3.396928020796334,28.18500799092325,14.421823506717576,6,2001,13.0,13.0
22.22,2.13,2.838641784402259,594.0722424871359,106.8985454913683,195.4205334668387,26.76,10.476465994508166,-725.5987962203048,47.33622340925051,3.04,35.084183753235,294.1299684010266,33.07,31.53,376.16650989758773,1.3939683827800766,1389.6521435466393,37.24,145945197.57315132,7.93,10.473895148190985,75.81701041666712,2.3426636458680488,3.3150728550709783,19.936137307580395,18.667232304135947,6,2002,13.0,13.0
29.16,4.64,3.069594316317205,618.5788344273742,118.13121752730584,200.2999056041196,30.19,8.7576091078616,4510.336542997672,65.96670251970724,0.75,27.55819734462595,545.2689370925771,23.52,29.85,451.376858336602,1.4939723421448348,280.21155343105073,40.19,145783920.9045326,8.19,13.092089863521004,73.56330337300582,2.575294104861565,3.1823513574124718,19.936974946494455,25.63129032296745,6,2003,13.0,13.0
28.54,5.54,3.3485763138014915,631.9460678025233,128.68991261212878,204.0855099085905,31.99,12.012713141530941,6525.45029297204,69.82073408967129,1.25,19.888364778444473,510.8432424073094,31.81,29.86,621.3635731588222,1.5887355058572652,391.5728009187159,40.3,145180135.60746887,7.74,14.420290690924636,71.06098342548961,2.631437632062952,3.068541585515931,20.133865591018992,29.424585920519498,6,2004,13.0,13.0
50.41,7.32,3.4432145414561863,640.9600228372642,130.58071056325147,211.0056686432702,36.46,9.003416535857967,37378.13777253704,98.95531289409712,3.95,13.312579937286085,754.1360413735376,60.63,27.36,689.6740772480832,1.5569062434051089,348.47478455853536,41.49,144599724.30139524,7.26,18.27915070411323,68.1517207806119,2.392180605823117,3.038177776226784,18.071135838255486,45.198854638002175,6,2005,13.0,13.0
59.77,6.88,3.5278228424380433,656.8032257220121,134.09642986674845,215.0859699683436,40.62,10.678039080765023,22733.140262600882,137.6695664215915,4.86,10.995414002050758,1682.5810437901503,41.98,29.54,979.607308216218,1.390236109870951,226.6865439691449,41.08,144111950.08790773,7.1,20.291093730208594,64.14339932323193,2.7087850525984685,3.0144128601291245,17.963944899691274,62.360494831083145,6,2006,13.0,13.0
68.67,6.22,3.588508012635467,653.8348584494242,137.40278701617117,218.54708526289275,43.54,10.651420875821229,48191.356096443145,197.6039006852528,5.17,8.646186496762336,1553.3009190800951,14.38,21.51,1104.0748178675165,1.3840591105688798,427.03177428546906,42.33,143847416.52982187,5.84,25.16670759636541,60.004405394143795,2.4971461881981964,3.01823919939983,17.99010799157766,68.55797373406106,6,2007,13.0,13.0
93.61,7.39,3.5805269615613255,665.6834342520943,136.13156390980294,224.95685730128852,47.96,10.548396074765849,53830.81014601927,264.0329994840277,2.67,8.849218219844827,739.6543855599274,0.0,23.52,1327.4407245195675,2.641544288757865,429.621440757273,41.59,143812079.5300859,6.29,37.54299483259456,53.45077570517147,2.20366892487283,3.155870987129265,17.990522934918726,118.54841305203082,6,2008,13.0,13.0
60.68,3.97,3.621921121082223,582.4176221035854,137.99246738927758,200.23629392275146,34.0,9.854301297668593,26955.101370279033,167.92332930517944,7.25,9.354747808941603,1399.0638876482622,0.0,38.27,1310.358410600855,2.6706565557100075,374.4867258868185,39.73,143860679.1557676,8.19,32.98667092848047,57.779054194933714,2.2371242452700724,4.260765269851118,18.00291323643411,74.2077276081401,6,2009,13.0,13.0
77.02,5.02,3.707743418051965,650.722713181599,141.52904944154434,215.81742406073823,38.62,11.04549669912202,33755.887388939016,229.18071912748567,8.43,10.109602839398214,1504.5586026067024,1.05,28.47,1410.1485299468789,2.7165725612609117,394.7667685274374,39.51,143938403.2837915,7.54,33.80378936637494,61.85483963420881,1.9944638291712353,3.6794674512373255,18.043612854660743,113.42209050187556,6,2010,13.0,13.0
111.56,5.79,3.6850336825406584,670.4026981235509,142.63997689879548,224.71642321343893,51.13,8.893840950961941,37341.6682620683,297.510942389467,8.04,8.738708574975426,1284.645315379237,14.98,28.7,2065.77471540718,2.758362933199235,323.8761777408505,39.79,144049801.7013228,6.42,49.83176883006499,52.856269245941405,2.486234595046926,3.605874311374734,18.233895123428447,157.23964822425626,6,2011,13.0,13.0
117.18,5.84,3.8480343037020863,654.3138618806468,144.96853589338727,230.6957051550224,52.04,10.240676956917634,44647.55066956224,323.56855233525636,8.5,11.016065185763264,1140.3446452594796,0.0,28.31,2238.3320369428275,2.519280494873182,301.4314456333936,40.7,144301054.70562285,5.31,47.52566692136292,50.026722619025406,27.778770279754422,3.479010438922792,18.017508189860813,144.90357883824544,6,2012,13.0,13.0
97.26,5.03,3.8320035880633485,669.6847238996437,147.38743873827627,235.15725284122766,51.83,9.791852084718242,54503.5265243683,307.2877742533903,6.3,12.017579375274812,1305.5691186738547,0.0,32.93,1965.25302049144,2.4554293525745643,299.21485449618996,40.87,144599930.6819318,5.5,53.18764248562365,47.50804988262517,28.784739585381978,3.429128666561334,18.061135668500675,193.35475687425853,6,2013,13.0,13.0
89.4,10.15,3.8767541838273765,640.3698205876938,147.0718728263694,238.89497767331818,50.33,9.68963824481313,17406.91773315229,285.342933238709,10.92,13.158944013595843,1566.9276381602008,0.0,35.75,2149.8331521947257,5.193491924943244,109.13984997070855,39.87,144932860.12142903,5.35,58.68309429716392,49.289423648819486,26.145661335949644,3.4930297091583564,17.84439455380674,210.15508445673686,6,2014,13.0,13.0
44.06,4.03,3.8776076195792037,635.2828801007923,150.1792405230671,243.81085479650088,29.5,10.686375383459728,9495.033996601884,180.5767250958352,13.65,14.273432674738748,2233.00139256669,0.0,60.12,1274.752106544238,5.602127367403449,378.5631349596863,37.8,145318215.99543738,5.62,42.14920021268949,60.64805771206209,28.749246986382104,4.163082864994017,17.95525993364835,162.69996152365104,6,2015,13.0,13.0
44.8,2.53,4.000220227993304,641.3210941292239,153.41703134294025,250.94327164136544,35.64,11.270993197622165,28390.774589071145,185.26756910207428,10.2,13.564643904030502,2427.3190594023176,0.0,72.74,1043.7275040477666,5.359290574263891,396.1432668200413,36.93,145765877.8302854,5.48,41.34818971412499,62.241776568430126,29.238013672110817,4.502446369323142,18.113378563774322,176.44090750434296,6,2016,13.0,13.0
54.09,3.04,3.9897578795704485,689.7437764957726,151.7061161211083,256.00496907914516,34.34,9.990667612788906,32394.825541914906,211.19683174653647,9.43,14.556821928830901,2086.3981427525455,0.0,54.25,1599.4828859019083,5.351960402641871,305.17217820868495,37.13,146191568.52442327,5.1,50.01691950551926,83.32819789663216,28.3447893280914,4.306335729510528,18.03712026721311,204.88483486461146,6,2017,13.0,13.0
72.84,4.0,4.11387839533979,724.8044133608183,154.47831555122278,260.2713361913921,33.14,21.86352772493902,18653.946480595365,245.49970299807828,7.99,13.621287952246592,2246.487038151581,0.0,67.76,1581.8349359671838,5.5704553367946446,450.4997922527741,37.43,146437611.79694685,5.01,41.83254296527591,78.61272493877897,28.691211800244346,4.134765383716258,17.59503138652053,223.92009496288958,6,2018,13.0,13.0
56.32,3.59,4.090104967768116,737.5105405499157,155.97852303706648,266.2568218153933,30.73,10.344824881310394,24846.1386712988,242.06342127137438,6.95,12.217153827689005,2696.204606121094,0.0,70.03,1615.6249572107747,5.4746103289743635,375.3527905717557,37.74,146531051.79291928,4.48,42.095963866784814,81.1025280365186,27.18912702166514,3.9146228272639827,18.062189819020954,257.1548735638579,6,2019,13.0,13.0
47.69,2.64,3.778569180514332,692.093415290062,142.66268854156473,250.8878547444029,27.64,9.49549497451679,-2041.0576148705122,243.59870485389285,5.26,19.631414250622196,4101.948405151408,0.0,79.95,1772.3507814411378,4.996214643139232,331.79071050378866,36.16,146361867.34423798,5.71,36.27650192340621,86.0428432365086,27.985073321834697,4.1171522829862734,20.176982477968828,231.04267185951522,6,2020,13.0,13.0
65.64,3.31,3.8233519734965573,760.8234414559801,146.4326856114166,251.574443832252,35.07,10.06754086701601,35706.34192027296,292.3377851845508,6.1,15.754799137957733,3701.4205099559085,21.76,74.75,1508.3974570735845,5.153610612289724,270.5766659237464,35.22,145843519.63594165,4.87,45.12166012272737,82.09750549581217,31.355938307854704,4.111913209568966,19.915844423253084,336.7530655074721,6,2021,13.0,15.0
77.11,12.4,3.9017189731501474,672.5507508226254,149.75824016654246,175.23423747219948,44.78,32.97011178300733,-22919.051926851913,254.9156973201786,14.56,14.13555886809195,2700.973386032517,37.98,92.58,2284.2316497817237,8.108710986928878,788.4578558292939,39.37,145570556.08482066,3.78,30.96407001211783,82.16223007995757,31.4849558366327,4.092999086602263,20.340188711970686,412.703795633267,6,2022,13.0,15.0
67.3,9.66,3.8273374238070526,638.6164402182383,147.13576762632437,181.4548957996123,29.39,9.672189784502441,-12250.550653538976,300.1577213517512,13.62,18.347264636861592,3617.3387574679045,0.0,94.56,1891.090480199602,8.690467402394031,104.22689551133689,40.47,145439110.8294608,3.35,34.56777832446026,83.57732320587664,26.581646924563096,5.8733603186043775,20.04424112046832,294.41486812007645,6,2023,13.0,15.0
46.6,6.93,3.3788349021490314,685.4703421549921,127.8297560749548,185.45064672778517,29.82,12.186136700199958,-9819.42808427934,280.8178953233144,14.16,21.45304536688215,2280.7540666114432,0.0,95.9,2399.817510038811,8.723361105843178,-241.78002609317235,40.7,144820110.47568998,2.57,33.09400243836781,83.91885777920858,20.543608695796877,7.110743306762829,20.48654595929971,261.890750338572,6,2024,13.0,15.0
48.39,4.46,3.5427221386149683,694.5947417400718,136.76772919281046,189.67578497690113,25.19,9.711456509875546,11719.32398429716,192.64730506415182,19.71,18.735156820241297,2667.6045062770104,30.47,78.56,2368.639184320265,10.03629221290268,337.85784366815125,41.07,144002966.29064286,6.21,38.821535162632074,84.4866520637012,21.149485371472835,7.187609465537997,20.499202020813776,305.1635103406105,6,2025,13.0,15.0
